player_name,position,nfl_team,games_proj,role_tier,rush_att_pg,ypc,rush_td_rate,targets_pg,catch_rate,ypt,rec_td_rate,pass_att_pg,comp_pct,pass_ypa,pass_td_rate,int_rate,qb_rush_att_pg,qb_rush_ypc,qb_rush_td_rate,td_rate_per_target,risk_tier,personnel_note,environment_note,market_note,risk_note
Josh Allen,QB,Bills,16,QB1 elite dual-threat,,,,,,,,34.0,0.66,7.6,0.052,0.018,8.5,5.2,0.07,,low,,,"2026 MVP favorite, approx +550 to +650 depending on book/date; long shot to lead NFL in passing yards (+2500) given Buffalo's run-heavy scheme; Bills added WR DJ Moore this offseason",No true committee threat to his goal-line rush role; the floor comes from volume plus a rushing floor no other elite passer matches.
Lamar Jackson,QB,Ravens,15,QB1 elite dual-threat,,,,,,,,30.0,0.68,7.8,0.05,0.015,10.0,5.8,0.05,,medium,,,MVP contender (+850); very long odds to lead NFL in passing yards (+4000) as Ravens remain run-first with Derrick Henry in the backfield,Missed time to soft-tissue injuries in multiple recent seasons; per-game ceiling is the league's best when healthy.
Drake Maye,QB,Patriots,17,QB1 ascending,,,,,,,,34.0,0.65,7.4,0.045,0.02,5.0,4.8,0.03,,medium,Patriots traded for WR A.J. Brown (from PHI) and signed WR Romeo Doubs -- a completely rebuilt receiving corps around him.,,"MVP contender (+1000), was runner-up in 2025 MVP voting; part of DraftKings 'Superstar Slingers' parlay needing 3,500+ pass yards in 2026; odds to lead NFL in passing yards +1500",One full healthy season of data; efficiency could regress or keep climbing.
Jayden Daniels,QB,Commanders,16,QB1 elite dual-threat,,,,,,,,32.0,0.67,7.5,0.045,0.017,8.0,5.5,0.05,,medium,,,Comeback Player of the Year contender (+450); long shot to lead NFL in passing yards (+4000),Dual-threat rushing volume raises both weekly ceiling and hit risk.
Patrick Mahomes,QB,Chiefs,17,QB1 high-volume,,,,,,,,37.0,0.67,7.2,0.045,0.022,4.0,5.5,0.03,,low,,,Comeback Player of the Year favorite (+150 to +185 across books) returning from a Dec. 2025 ACL/LCL injury; MVP +1300; odds to lead NFL in passing yards +1200,Efficiency ticked down from his peak years but volume and weapons keep the floor high.
Joe Burrow,QB,Bengals,16,QB1 elite arm,,,,,,,,38.0,0.68,7.6,0.052,0.018,2.5,4.0,0.015,,medium,,,"MVP contender (+900); favorite to lead NFL in passing yards (+750) and passing TDs (+550); led NFL in passing yards (4,918) and TDs (43) in 2025",Missed half of 2024 to a wrist injury; fully healthy Burrow is a top-3 arm-talent QB.
Jalen Hurts,QB,Eagles,16,QB1 rushing floor,,,,,,,,31.0,0.67,7.0,0.04,0.017,10.0,4.0,0.09,,medium,,,MVP dark horse per NFL.com; long shot to lead NFL in passing yards (+5000) given Philadelphia's run-heavy identity,The league's highest rush-TD rate at the position (short-yardage package) caps his floor even in a down passing week; concussion history is the tail risk.
Bo Nix,QB,Broncos,17,QB1 ascending,,,,,,,,34.0,0.66,7.0,0.04,0.018,4.0,4.5,0.025,,medium,"Broncos traded for WR Jaylen Waddle, going all-in around him.",,Odds to lead NFL in passing yards +2500,Big Year 2 efficiency jump; question is whether it holds up as defenses adjust.
Jared Goff,QB,Lions,17,QB1 efficient pocket,,,,,,,,33.0,0.68,7.6,0.05,0.015,1.0,3.0,0.005,,low,,,Co-favorite to lead NFL in passing yards (+750); odds to lead NFL in passing TDs +950,Elite weapons and O-line make this one of the safer high-floor passing volumes in the league.
Justin Herbert,QB,Chargers,16,QB1 strong arm,,,,,,,,35.0,0.66,7.3,0.045,0.018,3.0,4.0,0.02,,low,,,MVP contender (+1000); odds to lead NFL in passing yards +1500; per-game pass volume has declined over the last three seasons,Better supporting cast than in his early seasons; still shoulders a heavy pass-volume role.
C.J. Stroud,QB,Texans,16,QB1 talented,,,,,,,,35.0,0.63,6.8,0.04,0.022,3.0,4.5,0.02,,medium,,,Odds to lead NFL in passing yards +3500,O-line issues have suppressed downfield efficiency; talent ceiling is higher than recent production.
Kyler Murray,QB,Vikings,11,QB1 dual-threat in open competition,,,,,,,,30.0,0.65,6.9,0.04,0.02,6.0,5.0,0.04,,very_high,"Released by Arizona in March 2026 (still owed ~$36.8M); signed a 1-year minimum deal with Minnesota and was named atop the depth chart over J.J. McCarthy -- a real, multi-source-confirmed open competition.",,Comeback Player of the Year contender (+550) after joining the Vikings; odds to lead NFL in passing yards +4000,"Recurring lower-body injuries have cost him games in 3 of the last 4 seasons, layered on top of a genuine starter competition that camp hasn't settled."
Brock Purdy,QB,49ers,15,QB1 efficient,,,,,,,,31.0,0.69,7.8,0.05,0.015,2.5,4.0,0.015,,medium,,,MVP +2000; odds to lead NFL in passing yards +1500; odds to lead NFL in passing TDs +1100,"Shoulder issue clouded the back half of 2025; efficiency is elite when healthy, and he remains very weapon-dependent."
Baker Mayfield,QB,Buccaneers,17,QB1 efficient,,,,,,,,35.0,0.66,7.2,0.045,0.02,3.0,4.0,0.02,,medium,Lost top target Mike Evans to the 49ers in free agency; Egbuka/Godwin now the top targets.,,Odds to lead NFL in passing yards +2500,"Consistent, well-coached passing offense, but the Evans departure removes his highest-value red-zone target."
Trevor Lawrence,QB,Jaguars,16,QB1 inconsistent,,,,,,,,34.0,0.64,6.9,0.04,0.022,3.0,4.0,0.02,,medium,,,MVP dark horse (+2000),"Still searching for full-season consistency; a crowded, unresolved WR1 competition (Thomas/Hunter/Meyers) behind him is worth watching."
Caleb Williams,QB,Bears,17,QB1 developing,,,,,,,,34.0,0.64,6.9,0.04,0.021,5.0,4.5,0.025,,high,Bears traded away WR DJ Moore (to BUF); Rome Odunze and Luther Burden III absorb the vacated targets in Ben Johnson's Year 2 scheme.,,"MVP (+1500 to +1600, top ticket at BetMGM behind Burrow); part of DraftKings 'Superstar Slingers' parlay needing 3,500+ pass yards",Full offseason in Ben Johnson's system is the biggest swing factor on this projection in either direction.
Matthew Stafford,QB,Rams,15,QB1 aging efficient,,,,,,,,33.0,0.66,7.4,0.048,0.018,1.0,2.0,0.005,,medium,,,"Reigning NFL MVP; 2026 MVP odds +900; co-favorite to lead NFL in passing yards (+900) and passing TDs (+650) after leading the league in both in 2025 (4,707 yds, 46 TD); part of 'Superstar Slingers' 3,500+ yard parlay","Elite weapons (Nacua, Adams) prop up an aging arm; injury/rest risk rises with age."
Dak Prescott,QB,Cowboys,14,QB1 injury risk,,,,,,,,36.0,0.68,7.3,0.048,0.02,2.5,3.5,0.015,,high,,,"MVP +1400, first NFC player listed on several boards; co-favorite to lead NFL in passing yards (+750) and passing TDs (+750)",Missed most of 2024 to a hamstring/calf injury chain; efficiency is strong when on the field.
Jordan Love,QB,Packers,15,QB1 talented,,,,,,,,33.0,0.65,7.2,0.045,0.022,3.0,4.0,0.02,,medium,,,MVP +2200; odds to lead NFL in passing yards +2000,"Good weapons, has dealt with recurring lower-body ailments."
Tua Tagovailoa,QB,Falcons,12,QB1 favored in open competition,,,,,,,,31.0,0.68,7.2,0.04,0.02,1.5,3.0,0.005,,high,"Released by Miami post-June-1 (~$99M dead cap) after being benched for a rookie; signed by Atlanta, and most camp reporting favors him to win the Week 1 job outright over an injured Penix.",,,"Concussion history plus a new offense, but he is the beat-reporter favorite for the job -- less uncertain than a true 50/50 competition."
Geno Smith,QB,Jets,16,QB1 game manager,,,,,,,,33.0,0.65,6.8,0.035,0.02,2.0,3.5,0.01,,medium,Traded from Las Vegas to New York (Mar. 2026) to start for a rebuilding Jets offense.,,,"Solid, unspectacular floor with a thin receiving corps after changing teams for the second time in three years."
Daniel Jones,QB,Colts,15,"QB1 bounce-back, paid starter",,,,,,,,30.0,0.64,6.8,0.035,0.02,6.0,4.5,0.03,,high,"Re-signed on a new $88M contract, confirmed starter over Anthony Richardson and rookie Riley Leonard.",,Comeback Player of the Year dark horse (+1600 to +2000),Coming back from an Achilles tear; rushing floor is real but the passing-efficiency track record is thin.
Bryce Young,QB,Panthers,16,QB2 improving,,,,,,,,31.0,0.63,6.5,0.035,0.022,4.0,4.0,0.02,,high,,,"Season passing yards O/U prop set at 3074.5 (DraftKings, via DraftKings Network, Jul 2026)",Strong 2nd-half-of-2025 flash after a rough start; sample size on the good version is still small.
J.J. McCarthy,QB,Vikings,8,QB1 demoted to competition/backup,,,,,,,,28.0,0.62,6.7,0.035,0.026,4.0,4.5,0.025,,very_high,"Lost the presumptive starting job to free-agent signee Kyler Murray, who was named atop the depth chart entering camp.",,,"Essentially no NFL track record, now further muddied by losing the QB1 competition as camp opened."
Anthony Richardson Sr.,QB,Colts,3,QB3 backup,,,,,,,,18.0,0.57,6.5,0.035,0.032,7.0,5.0,0.05,,very_high,Colts declined his 5th-year option; buried behind Daniel Jones and 2nd-year Riley Leonard after a trade request went nowhere.,,,"Huge weekly variance if he ever plays, but the path to snaps is now third-string, not backup."
Michael Penix Jr.,QB,Falcons,6,QB2 injury recovery/competition underdog,,,,,,,,28.0,0.62,7.0,0.04,0.025,2.0,3.5,0.01,,very_high,"Atlanta signed Tua Tagovailoa to compete with him, and most camp reporting favors Tua to win Week 1.",,,Coming back from a third career ACL tear (full clearance reportedly still weeks away as of camp) while also the underdog in his own QB competition.
Kirk Cousins,QB,Raiders,15,QB1 veteran starter,,,,,,,,33.0,0.65,6.8,0.035,0.02,1.0,2.0,0.005,,high,"Released by Atlanta, signed by Las Vegas and named starter over rookie #1-overall pick Fernando Mendoza.",,,Steady veteran in a new pass-funnel scheme under HC Klint Kubiak; the rookie waiting behind him is a real in-season bench risk on a non-contender.
Fernando Mendoza,QB,Raiders,3,QB2 rookie waiting for his shot,,,,,,,,18.0,0.58,6.5,0.032,0.028,3.0,4.5,0.02,,very_high,"#1 overall pick in the 2026 draft on a $57M deal, but veteran Kirk Cousins is the confirmed Week 1 starter.",,OROY 350,"Zero NFL game experience; only fantasy-relevant if Cousins is benched or hurt, which is plausible on a rebuilding roster but far from guaranteed."
Sam Darnold,QB,Seahawks,16,"QB1 bounce-back, defending champ",,,,,,,,32.0,0.65,7.1,0.042,0.022,2.0,3.5,0.01,,medium,"Seahawks added WR Cooper Kupp and re-signed WR Rashid Shaheed, deepening an already strong receiving corps.",,,Following a career season and a Super Bowl win with real weapons around him; efficiency has been streaky year to year prior to 2025.
Cam Ward,QB,Titans,16,QB1 2nd-year,,,,,,,,32.0,0.6,6.5,0.035,0.028,4.0,4.5,0.02,,very_high,"New HC Robert Saleh (replacing Callahan, fired in-season) around a still-developing 2nd-year passer.",,,League-worst projected O-line in front of him is a major drag on both efficiency and protection.
Russell Wilson,QB,Giants,4,QB3 veteran backup,,,,,,,,22.0,0.62,6.7,0.033,0.021,1.5,3.0,0.01,,very_high,Benched for Jaxson Dart during 2025; now a clear mentor/backup role behind Dart.,,,Only relevant on multiple injuries ahead of him.
Jaxson Dart,QB,Giants,15,"QB1 2nd-year, undisputed starter",,,,,,,,30.0,0.6,6.5,0.035,0.025,6.0,5.0,0.03,,very_high,Consolidated as the Giants' franchise QB after taking over from Wilson in 2025; new HC John Harbaugh (ex-Ravens) adds scheme uncertainty on top of the small sample.,,,"Still a very small sample of starts to project from, now under a brand-new coaching staff."
Justin Fields,QB,Chiefs,2,QB2 backup,,,,,,,,18.0,0.6,6.2,0.03,0.022,8.0,5.5,0.04,,very_high,"Traded from the Jets (who acquired Geno Smith to start instead) to Kansas City for a 2027 6th-rounder; confirmed as Mahomes' backup, not a starting role.",,,Zero standalone value unless Mahomes is hurt -- but a genuinely explosive rushing floor if that happens.
Aaron Rodgers,QB,Steelers,13,QB1 veteran stopgap,,,,,,,,32.0,0.64,6.9,0.042,0.022,1.0,2.0,0.005,,high,Returning for a farewell season under new HC Mike McCarthy (his old Green Bay OC); Steelers added WR Michael Pittman Jr. via trade.,,,"Age-42 stopgap on a new-coaching-staff team; a rookie and Will Howard behind him mean any injury likely ends his season, not just a game."
Deshaun Watson,QB,Browns,11,QB1 injury-return starter,,,,,,,,31.0,0.62,6.5,0.035,0.024,4.0,4.0,0.025,,very_high,Returning as the presumptive Week 1 starter after a long-term injury; Cleveland overhauled the O-line with as many as five new starters.,,,"Extended layoff plus a rebuilt, poor-tier O-line in front of him -- one of the thinnest starter profiles at the position."
Jacoby Brissett,QB,Cardinals,14,QB1 replacement-level starter,,,,,,,,31.0,0.63,6.4,0.032,0.02,3.0,3.5,0.015,,high,Arizona moved on from Kyler Murray after his injury-plagued 2025; Brissett takes over as full-time starter.,,,"Replacement-level game manager on the league's lowest-implied-total offense (lowest 2026 win total, 3.5); floor and ceiling are both low."
Tyler Shough,QB,Saints,15,QB1 first full season,,,,,,,,32.0,0.63,6.8,0.038,0.024,3.0,4.0,0.015,,high,"First year as full-time starter after a strong close to 2025; Saints also signed RB Travis Etienne in free agency, adding another mouth to feed underneath.",,,Small sample as a starter -- real weekly-volatility risk until he shows it over a full slate.
Jahmyr Gibbs,RB,Lions,16,RB1 lead + passing-down,16.0,5.3,0.045,5.0,0.8,7.0,0.02,,,,,,,,,,low,"Longtime backfield mate David Montgomery was traded to Houston; Lions replaced him with lower-cost FA Isiah Pacheco, clearing more of the early-down touch share for Gibbs.",,Offensive Player of the Year favorite (+750); co-favorite to lead NFL in rushing yards (+700/+750) and rushing TDs (+500/+600); projected for an expanded workload after David Montgomery's departure,"Still splits some goal-line work with the new complementary back, capping his TD rate slightly below what his volume alone would suggest."
Bijan Robinson,RB,Falcons,16,RB1 true workhorse,18.0,4.7,0.045,5.5,0.78,6.5,0.02,,,,,,,,,,medium,"Held in (reported, not practicing) at the start of camp amid stalled contract-extension talks -- Atlanta paid other stars (London, Pitts) first.",,OPOY (+900); co-favorite to lead NFL in rushing yards (+700/+750),"No competition for touches, but a real holdout/contract-dispute risk sits on top of the normal workload questions."
Christian McCaffrey,RB,49ers,16,RB1 elite bell-cow,18.3,3.9,0.032,6.0,0.82,6.5,0.025,,,,,,,,,,medium,"Played all 17 games in 2025 (311 att/1,202 rush yds/10 TD, 102 catches) -- fully healthy, though SF has signaled they may manage his touches after a career-high workload.",,OPOY (+1200); long shot to lead NFL in rushing yards (+2200),"A full healthy season lowers the injury discount from where it's been, but multiple prior seasons of missed time (mostly 2023-24) keep this at medium, not low."
Jonathan Taylor,RB,Colts,16,RB1 workhorse,19.0,4.9,0.06,2.5,0.75,6.0,0.015,,,,,,,,,,medium,,,"Co-favorite to lead NFL in rushing yards (+600/+650) and favorite for rushing TDs (+600) after leading the NFL with 18 rush TDs in 2025; +250 odds to reach 1,500 rush yards",Elite touchdown rate in a top-5 run-blocking offense; a workload this heavy has a real wear-down history for him specifically.
James Cook III,RB,Bills,16,RB1 lead back,17.0,4.7,0.045,2.5,0.75,6.0,0.01,,,,,,,,,,low,Led the NFL in rushing in 2025 on a signed extension as the clear bell-cow; Ty Johnson mixes in on passing downs only.,,"Odds to lead NFL in rushing yards +650/+700; +250 odds to reach 1,500 rush yards","Low receiving role caps the PPR ceiling relative to the rushing floor, but touch security is about as safe as it gets."
Ashton Jeanty,RB,Raiders,16,RB1 lead back,17.0,4.2,0.035,3.5,0.72,5.5,0.01,,,,,,,,,,medium,,,"Part of DraftKings 'Second-Year Surge' parlay needing 1,000+ rush yards in 2026 after a disappointing rookie year (734 scrimmage yards, 3.7 YPC); new zone-blocking scheme under Klint Kubiak seen as a boost",Massive rookie-year workload; efficiency (not volume) is the swing factor into Year 2.
De'Von Achane,RB,Dolphins,16,RB1 paid centerpiece,14.0,5.0,0.04,5.0,0.8,7.5,0.025,,,,,,,,,,medium,"Signed a 4-year, up-to-$68M extension in May 2026, ending trade speculation; confirmed centerpiece of the retooled Hafley/Slowik offense.",,Led NFL in yards/carry (5.67) and explosive run rate (10.1%) in 2025 despite fewer touches than the top backs; no specific season O/U found,"Trade speculation is resolved and he's extended, but a brand-new coaching staff and scheme still carry real uncertainty versus a proven system."
Saquon Barkley,RB,Eagles,16,RB1 lead back in a real rotation,17.0,4.0,0.045,2.5,0.75,6.0,0.01,,,,,,,,,,medium,,,"2026 consensus ADP is RB7-RB9 (Ballers RB7, DraftSharks RB9), not a top-3 lock; FanDuel: rushing yards leader +1200 (6th), OPOY +3000 (12th).","2025 was a real decline: PFF grade fell to 67.9 (42nd of 55 qualified RBs); explosive-run rate dropped from 7.2% (4th) to 4.6% (20th); YAC/att fell from 2.26 to 1.96; 1,140 rush yds on 280 att (4.07 ypc), playing through a groin issue without missing games. Tank Bigsby got real first-team camp reps (~50% in early camp) in a new one-cut zone scheme he fits well, so touch competition is a genuine 2026 risk, not just theoretical age wear."
Derrick Henry,RB,Ravens,15,RB1 power/TD rate,15.0,4.9,0.065,1.5,0.7,6.0,0.005,,,,,,,,,,medium,Ravens say they'll manage his practice/carry volume more carefully in camp to keep him fresh for the postseason.,,"Co-favorite to lead NFL in rushing yards (+600) and rushing TDs (+550/+600); +250 odds to reach 1,500 rush yards; has posted double-digit rush TDs in 8 straight seasons",Still the league's best goal-line/TD-rate back; age 32 plus a stated plan to trim his workload are the real decline risks.
Josh Jacobs,RB,Packers,16,RB1 workhorse,17.0,4.4,0.05,2.5,0.72,5.5,0.01,,,,,,,,,,medium,"Backfield depth behind him (MarShawn Lloyd, Chris Brooks) remains thin after a small draft class.",,Odds to lead NFL in rushing TDs +900/+1100,Bell-cow role in a run-funnel offense with a strong O-line and no real handcuff threat.
Kyren Williams,RB,Rams,16,RB1 committee risk,15.0,4.2,0.05,2.5,0.72,5.5,0.015,,,,,,,,,,medium,,,,"High-TD-rate offense, but Corum and 2nd-year Jarquez Hunter keep chipping into his early-down share -- volume is good, not bulletproof."
Omarion Hampton,RB,Chargers,16,RB1 lead back,17.0,4.4,0.04,3.0,0.72,6.0,0.01,,,,,,,,,,medium,"Chargers also signed veteran Najee Harris in free agency, but Hampton remains the entrenched Year 2 starter.",,"Part of 'Second-Year Surge' parlay needing 1,000+ rush yards in 2026; limited rookie year (737 scrimmage yds in 9 games, injury); Offensive Rookie of the Year-cycle odds reported improving per CBS Sports","Took over the lead role as a rookie; Year 2 efficiency is the open question, not opportunity."
Breece Hall,RB,Jets,16,"RB1 talented, franchise-tagged",15.0,4.1,0.035,4.0,0.75,6.0,0.02,,,,,,,,,,medium,"Franchise tagged rather than given a long-term deal, but confirmed as the lead back; Braelon Allen/Isaiah Davis compete only for change-of-pace work.",,"FantasyPoints projects roughly 1,072 rush yards, described as about 19% above the market's season rushing-yards line (implies a market number in the neighborhood of 900, not independently confirmed -- treat as qualitative)","Efficiency has never fully returned to pre-ACL levels; touch security is fine, per-touch upside is the question."
Chase Brown,RB,Bengals,16,RB1 lead back,15.0,4.3,0.04,3.0,0.74,6.0,0.015,,,,,,,,,,medium,,,,"Confirmed starter with Samaje Perine as backup; won the job outright from Mixon, a full offseason as RB1 now instead of a midseason breakout."
Bucky Irving,RB,Buccaneers,15,RB1 efficient,15.0,4.7,0.035,3.5,0.78,6.5,0.015,,,,,,,,,,medium,Rachaad White left for Washington in free agency; Kenneth Gainwell signed as the new primary backup.,,,Elite per-touch efficiency with the White competition now gone entirely -- a clean workhorse profile.
Kenneth Walker III,RB,Chiefs,15,RB1 new lead back,14.0,4.5,0.04,3.0,0.72,6.0,0.015,,,,,,,,,,medium,"Left Seattle in free agency and signed with Kansas City, projected as the Chiefs' new lead back.",,,"Real talent in a new, historically pass-heavy Andy Reid offense -- adjusting to a new scheme and blocking unit is the swing factor."
Alvin Kamara,RB,Saints,10,RB2 demoted to backup,6.0,4.0,0.025,3.5,0.78,6.0,0.015,,,,,,,,,,very_high,"Saints signed free agent Travis Etienne as the new starter, pushing Kamara into a backup role at age 31.",,,"A real, confirmed demotion (not just committee risk) on an aging back -- touches are no longer his to lose."
David Montgomery,RB,Texans,16,RB1 traded into a bigger,15.0,4.3,0.045,2.0,0.72,5.5,0.01,,,,,,,,,,medium,Traded from Detroit to Houston after seeking a bigger role; named the Texans' RB1 with an expanded workload.,,,"Real injury history (knee, 2024) plus first year in a new blocking scheme temper an otherwise clear volume upgrade."
Isiah Pacheco,RB,Lions,10,RB2 complementary/early-down,8.0,4.1,0.04,1.5,0.68,5.0,0.01,,,,,,,,,,high,Left Kansas City in free agency; signed with Detroit as a lower-cost complementary back behind Gibbs after Montgomery's trade.,,,Fibula injury history plus a clearly secondary role behind Gibbs caps both floor and ceiling.
Chuba Hubbard,RB,Panthers,16,RB1 lead back,15.0,4.2,0.035,2.5,0.72,5.5,0.01,,,,,,,,,,medium,"Confirmed RB1; Rico Dowdle's departure to Pittsburgh vacates touches that should flow to Hubbard, with Jonathon Brooks (2nd ACL recovery) as the only real competition.",,,"Efficiency is solid-not-explosive, but the touch share is about as secure as any non-elite starter's."
TreVeyon Henderson,RB,Patriots,15,RB1a co-starter,10.0,4.5,0.035,4.5,0.76,6.5,0.02,,,,,,,,,,medium,"A true committee with Rhamondre Stevenson atop New England's backfield, not a clear lead role -- he gets the larger passing-down share.",,,Shares early-down work more than the name value suggests; the receiving role is what keeps his weekly floor respectable.
RJ Harvey,RB,Broncos,13,RB3 committee/backup,7.0,4.2,0.03,2.5,0.72,5.5,0.01,,,,,,,,,,high,"Broncos re-signed J.K. Dobbins, who is confirmed RB1 ahead of him; Harvey is part of a three-man committee with Jonah Coleman.",,,"Has not claimed a clear lead role despite draft pedigree -- a real committee, not an ascension story yet."
Tony Pollard,RB,Titans,16,RB1 lead back,13.0,4.0,0.03,3.0,0.75,6.0,0.015,,,,,,,,,,medium,,,,"Steady lead-back volume on the league's worst projected O-line -- the offensive line, not the touch share, is the real drag here."
Rhamondre Stevenson,RB,Patriots,15,RB1b co-starter,11.0,4.0,0.03,2.5,0.73,5.5,0.015,,,,,,,,,,medium,"Co-starter with TreVeyon Henderson, not clearly demoted -- New England's backfield is a genuine 2-man timeshare.",,,"Ball-security history is the main flag; touch share is a real committee, capping the ceiling either back can reach."
Javonte Williams,RB,Cowboys,16,RB1 lead back,15.0,4.0,0.035,3.0,0.73,5.5,0.015,,,,,,,,,,medium,Signed with Dallas after leaving Denver; named the Cowboys' definitive RB1 over Jaydon Blue and Phil Mafah.,,,"New team, fresh lead-back opportunity after a disappointing Denver tenure post-ACL; efficiency has been average, not explosive."
Najee Harris,RB,Chargers,13,RB2 backup/committee,8.0,4.0,0.035,2.0,0.72,5.5,0.01,,,,,,,,,,high,"Signed a 1-year, fully-guaranteed deal with the Chargers behind entrenched starter Omarion Hampton -- a backup role, not the lead job he had in Pittsburgh.",,,"A July 4th fireworks eye injury has been cleared for contact and he's targeting Week 1, but touches are capped behind Hampton regardless of health."
Zach Charbonnet,RB,Seahawks,9,"RB1 presumptive starter, injury recovery",12.0,4.4,0.035,2.5,0.72,5.5,0.015,,,,,,,,,,very_high,"Seattle's presumptive starter now that Kenneth Walker III left for Kansas City, but he had ACL surgery in Feb. 2026 and opened camp on PUP.",,,Real Week 1 availability risk given the ACL recovery timeline; rookie Jadarian Price and George Holani are getting first-team reps in his absence.
Tyrone Tracy Jr.,RB,Giants,16,RB1 confirmed starter,14.0,4.3,0.03,3.0,0.74,5.5,0.015,,,,,,,,,,high,Confirmed starter with Devin Singletary and rookie Cam Skattebo behind him -- not the 50/50 committee previously assumed.,,,An unsettled Giants QB/coaching situation (new HC John Harbaugh) adds offense-wide uncertainty on top of his own role.
Travis Etienne Jr.,RB,Saints,16,RB1 new starter,15.0,4.2,0.035,3.5,0.76,6.0,0.015,,,,,,,,,,medium,"Signed a 4-year, $52M free agent deal with New Orleans, immediately named the starter over Alvin Kamara.",,,First year in a new offense (Kellen Moore-style West Coast scheme) after five seasons in Jacksonville; TD rate has been inconsistent year to year.
D'Andre Swift,RB,Bears,15,RB1 confirmed starter,13.0,4.3,0.03,3.5,0.75,5.8,0.015,,,,,,,,,,medium,,,,"Confirmed starter entering Year 2 of Ben Johnson's pass-heavy scheme; committee risk is lower than previously assumed, but pass-funnel offenses cap RB rushing volume generally."
J.K. Dobbins,RB,Broncos,13,"RB1 confirmed lead, injury history",14.0,4.5,0.04,2.0,0.7,5.0,0.01,,,,,,,,,,high,Re-signed with Denver in free agency; confirmed RB1 on the depth chart ahead of 2nd-year RJ Harvey.,,,"Extensive injury history (multiple ACLs, Achilles) makes games-played the biggest swing factor on an otherwise clear lead role, in the NFL's #1-ranked O-line room."
Jaylen Warren,RB,Steelers,15,RB1 confirmed starter,12.0,4.3,0.03,3.0,0.75,5.5,0.015,,,,,,,,,,medium,Confirmed RB1; Steelers added free agent Rico Dowdle (from Carolina) for depth/competition.,,,Efficient every time he's played extended snaps; the new Dowdle competition is the one added risk to an otherwise clear role.
Brian Robinson,RB,Falcons,13,RB2 backup,8.0,4.0,0.04,1.5,0.68,5.0,0.01,,,,,,,,,,high,"Left Washington in free agency, signed a 1-year deal with Atlanta as Bijan Robinson's backup.",,,Pure backup/change-of-pace role behind an entrenched workhorse; standalone value is thin barring an injury.
Rachaad White,RB,Commanders,12,RB2 backup,6.0,3.9,0.025,2.5,0.74,5.5,0.015,,,,,,,,,,high,"Left Tampa Bay after 4 seasons, signed with Washington as the backup to new starter Jacory Croskey-Merritt; reunites with former college teammate Jayden Daniels.",,,Backup role on a good offense caps his floor unless Croskey-Merritt is hurt or loses the job.
Jacory Croskey-Merritt,RB,Commanders,14,RB1 new starter,13.0,4.1,0.035,2.5,0.72,5.5,0.015,,,,,,,,,,high,"Emerged as Washington's presumptive starting back for 2026 in an offense built around Jayden Daniels, with veteran Rachaad White signed as his backup.",,,Unproven as a full-time NFL starter -- real role/workload uncertainty even though the depth-chart spot itself looks secure entering camp.
Austin Ekeler,RB,Free agent,8,"RB3 unsigned, passing-down specialist",4.0,3.8,0.02,3.0,0.78,6.0,0.02,,,,,,,,,,very_high,Not re-signed by Washington as the team got younger; fully recovered from his Achilles injury but unsigned as camps opened.,,,"No team as of Aug. 2026 camps -- real risk of a late signing, a reduced role, or no role at all."
Devin Singletary,RB,Giants,12,RB3 backup,5.0,3.9,0.025,2.0,0.72,5.0,0.01,,,,,,,,,,high,,,,Backup to confirmed starter Tyrone Tracy Jr.; touch share is capped barring an injury ahead of him.
Jerome Ford,RB,Browns,10,RB3 backup,5.0,3.8,0.025,2.0,0.72,5.0,0.01,,,,,,,,,,high,"Now a clear backup to rookie-turned-starter Quinshon Judkins, with Dylan Sampson also in the mix.",,,"Cleveland's backfield hierarchy is settled around Judkins now, capping Ford's role to true backup/change-of-pace."
Tank Bigsby,RB,Eagles,16,RB2 real rotational,9.0,4.3,0.035,1.0,0.7,5.0,0.005,,,,,,,,,,medium,"Got roughly 50% of first-team camp reps early in 2026 camp; fits the Eagles' new one-cut outside zone scheme well and is drawing real breakout buzz, not just clean-up duty.",,,"Real standalone value now behind a Barkley whose workload is genuinely being managed, not a clear zero as previously assumed; still capped by not being the clear lead back."
Gus Edwards,RB,Uncertain,10,RB4 backup,4.0,4.1,0.03,0.5,0.65,4.5,0.005,,,,,,,,,,very_high,Current 2026 team could not be confirmed with high confidence in research -- treat this projection as a placeholder until his roster spot is verified.,,,Genuine situational unknown on top of an already deep-backup profile.
Zamir White,RB,Raiders,12,RB3 backup,5.0,4.0,0.02,1.0,0.68,5.0,0.005,,,,,,,,,,high,,,,Backup behind Jeanty with a low standalone ceiling.
Rico Dowdle,RB,Steelers,12,RB2 backup/competition,6.0,4.1,0.03,1.5,0.72,5.0,0.01,,,,,,,,,,high,"Left Carolina in free agency, signed with Pittsburgh to compete for touches behind confirmed starter Jaylen Warren.",,,"New team, backup role -- touch share is inconsistent week to week even in the best case."
Jaylen Wright,RB,Dolphins,12,RB3 backup,5.0,4.0,0.02,1.0,0.68,5.0,0.005,,,,,,,,,,high,,,,Backup behind Achane in a backfield that's otherwise settled under the new coaching staff.
Trey Benson,RB,Cardinals,9,RB4 buried on depth chart,4.0,4.0,0.02,1.0,0.68,5.0,0.005,,,,,,,,,,very_high,"Arizona used the No. 3 overall pick on RB Jeremiyah Love, and also has veteran James Conner ahead of him -- pushed to 3rd/4th on the depth chart.",,,"Path to touches is now blocked by a top-3-overall rookie and a proven veteran, not opened up as previously assumed."
Emmett Johnson,RB,Chiefs,8,RB4 deep depth,3.0,3.9,0.02,1.0,0.68,5.0,0.005,,,,,,,,,,very_high,,,,Deep depth-chart rookie behind newly signed starter Kenneth Walker III; only relevant on multiple injuries ahead of him.
Jonathon Brooks,RB,Panthers,8,RB3 injury recovery,5.0,3.9,0.025,1.5,0.7,5.0,0.01,,,,,,,,,,very_high,Recovering from a second ACL tear in two years; competing with confirmed starter Chuba Hubbard for touches.,,,"Real, serious injury risk given a second ACL tear -- role is likely limited behind Hubbard early in the season even once healthy."
Bhayshul Tuten,RB,Jaguars,15,RB1 elevated to starter,14.0,4.2,0.03,2.5,0.72,5.5,0.01,,,,,,,,,,high,Elevated to Jacksonville's starting running back after Travis Etienne left for New Orleans in free agency.,,,"Zero-to-one year of NFL starter-level workload to project from; the opportunity is real, the efficiency at that volume is unproven."
Ollie Gordon II,RB,Dolphins,8,RB4 deep depth,3.0,3.9,0.02,1.0,0.68,5.0,0.005,,,,,,,,,,very_high,,,,"Deep depth-chart piece in an already crowded, currently-in-flux Miami backfield."
Dylan Sampson,RB,Browns,8,RB4 deep depth,3.0,4.0,0.02,1.0,0.68,5.0,0.005,,,,,,,,,,very_high,Backup behind rookie-turned-starter Quinshon Judkins.,,,"Unsettled Cleveland backfield hierarchy limits any single back's floor, this one included."
Cam Skattebo,RB,Giants,13,RB2 high-efficiency backup/handcuff,8.0,4.3,0.035,2.5,0.74,6.0,0.015,,,,,,,,,,medium,Was a fantasy standout as a rookie (RB9 in points per game in 2025) despite technically backing up Tyrone Tracy Jr.,,,The 'backup' label undersells him given real rookie-year touch volume and production -- one of the best handcuff/committee values in the pool.
Jaydon Blue,RB,Cowboys,10,RB3 backup,4.0,4.0,0.02,1.5,0.7,5.0,0.01,,,,,,,,,,very_high,Competing with Phil Mafah for the RB2 job behind confirmed starter Javonte Williams.,,,"Backup behind a newly-signed, clearly-installed starter -- limited standalone path."
Kimani Vidal,RB,Chargers,8,RB4 deep depth,3.0,4.0,0.02,1.0,0.68,5.0,0.005,,,,,,,,,,very_high,"Chargers also added veteran Najee Harris in free agency, pushing Vidal further down the depth chart behind Hampton.",,,Deep backup with minimal standalone role now that Harris is also on the roster.
Ray Davis,RB,Bills,11,RB3 change-of-pace,5.0,4.0,0.03,1.0,0.68,5.0,0.005,,,,,,,,,,high,,,,Goal-line/change-of-pace role behind confirmed lead back James Cook.
Blake Corum,RB,Rams,11,RB3 backup,5.0,4.0,0.035,1.0,0.68,5.0,0.005,,,,,,,,,,high,,,,"Shares early-down and goal-line work with Kyren Williams in a run-heavy, high-scoring offense; 2nd-year Jarquez Hunter adds more competition."
Tyjae Spears,RB,Titans,11,RB2 passing-down,5.0,4.0,0.02,2.0,0.74,5.5,0.01,,,,,,,,,,high,,,,Passing-down role behind confirmed starter Tony Pollard on the league's worst projected O-line.
Braelon Allen,RB,Jets,10,RB3 backup,4.0,4.0,0.025,1.0,0.68,5.0,0.005,,,,,,,,,,very_high,,,,Competing with Isaiah Davis for the change-of-pace role behind franchise-tagged starter Breece Hall.
Kenneth Gainwell,RB,Buccaneers,10,RB2 backup,4.0,3.9,0.02,1.5,0.72,5.0,0.005,,,,,,,,,,very_high,"Signed a 2-year deal with Tampa Bay as the primary backup to Bucky Irving, replacing the departed Rachaad White.",,,Backup role with a clear starter ahead of him; standalone value is thin barring an injury.
Ty Chandler,RB,Vikings,9,RB4 backup,3.0,4.0,0.02,1.0,0.68,5.0,0.005,,,,,,,,,,very_high,,,,Backup behind confirmed starter Aaron Jones with a thin path to touches.
Justice Hill,RB,Ravens,10,RB3 passing-down backup,3.0,4.0,0.015,1.5,0.72,5.5,0.01,,,,,,,,,,very_high,,,,"Passing-down complement behind Derrick Henry; standalone value is thin, but the offense around him is elite."
Roschon Johnson,RB,Bears,9,RB4 backup,3.0,3.9,0.015,1.0,0.68,5.0,0.005,,,,,,,,,,very_high,,,,Deep backup role in a backfield led by confirmed starter D'Andre Swift.
Miles Sanders,RB,Cowboys,8,RB4 veteran depth,3.0,3.9,0.015,1.0,0.68,5.0,0.005,,,,,,,,,,very_high,Signed with Dallas as depth behind Javonte Williams.,,,Veteran depth piece with minimal projected role.
Kaleb Johnson,RB,Steelers,10,RB3 backup,4.0,4.0,0.02,1.0,0.68,5.0,0.005,,,,,,,,,,very_high,,,,Backup on the Steelers' RB depth chart behind Jaylen Warren.
Isaac Guerendo,RB,49ers,10,RB3 standalone handcuff,4.0,4.2,0.025,1.0,0.68,5.0,0.005,,,,,,,,,,very_high,,,,"Backup to McCaffrey with real standalone value given CMC's injury history, but capped touches while McCaffrey's healthy."
Tyler Allgeier,RB,Cardinals,6,RB4 buried on depth chart,3.0,4.0,0.03,0.5,0.65,4.5,0.005,,,,,,,,,,very_high,"Signed with Arizona in free agency but landed behind rookie Jeremiyah Love, veteran James Conner, and Trey Benson -- 4th on the depth chart.",,,"Minimal realistic path to touches on a crowded, newly-remade backfield."
Jordan Mason,RB,Vikings,8,RB4 backup,3.0,4.1,0.02,0.5,0.65,4.5,0.005,,,,,,,,,,very_high,,,,Depth piece behind confirmed starter Aaron Jones Sr.
Woody Marks,RB,Texans,8,RB3 backup,3.0,4.0,0.02,1.0,0.68,5.0,0.005,,,,,,,,,,very_high,Pushed into a clear backup role after Houston traded for David Montgomery to be the new RB1.,,,The Montgomery trade closed off what looked like an open committee -- now purely backup value.
Devin Neal,RB,Uncertain,6,RB4 deep rookie,2.0,3.9,0.015,1.0,0.68,5.0,0.005,,,,,,,,,,very_high,2026 depth-chart landing spot not confirmed with confidence in research.,,,Deep rookie committee piece with essentially no confirmed role.
Jeremiyah Love,RB,Cardinals,14,"RB1 rookie, likely lead",13.0,4.4,0.035,3.0,0.74,6.0,0.015,,,,,,,,,,very_high,"No. 3 overall pick in the 2026 draft, pushing incumbent Trey Benson down the depth chart; a co-favorite for Offensive Rookie of the Year per current futures odds.",,OROY 250,"Elite draft capital and early buzz, but zero NFL game experience and a committee with veteran James Conner still likely early in the season."
James Conner,RB,Cardinals,13,RB2 veteran committee back,9.0,4.1,0.04,2.0,0.72,5.5,0.015,,,,,,,,,,high,Remains on Arizona's roster after the team drafted RB Jeremiyah Love 3rd overall -- likely early-season committee partner before the rookie takes over.,,,Aging veteran whose role likely shrinks as the season goes on and the rookie proves himself; worth more early than late.
Ja'Marr Chase,WR,Bengals,16,WR1 elite alpha,0.0,0.0,0.0,10.5,0.68,9.2,,,,,,,,,,0.065,low,,,"Season receiving yards O/U reported at approx 1,324.5 (market context, mid-2026); favorite/co-favorite to lead NFL in receiving yards (+600) and receiving TDs (+700); OPOY +1000; longest-odds MVP mention among non-QBs (+10000)",No competition for targets in a pass-heavy vertical offense; as safe a WR1 as exists.
Puka Nacua,WR,Rams,15,WR1 elite,0.0,0.0,0.0,10.0,0.72,8.5,,,,,,,,,,0.055,medium,,,"Season receiving yards O/U reported at approx 1,324.5; favorite to lead NFL in receiving yards (+550); +140 odds to reach 1,500 yards; OPOY +1100; led NFL with 129 receptions in 2025",Healthy at camp after past ankle/knee/rib issues; injury history keeps this from 'low' despite the talent.
Jaxon Smith-Njigba,WR,Seahawks,16,WR1 elite,0.0,0.0,0.0,9.5,0.7,8.5,,,,,,,,,,0.055,low,,,"Season receiving yards O/U reported at approx 1,324.5; odds to lead NFL in receiving yards +650; +150 odds to reach 1,500 yards; reigning 2025 OPOY; 2026 OPOY odds +1500","Confirmed alpha in a deep, retooled Seattle passing game (Kupp/Shaheed now add competition, but volume is secure)."
Amon-Ra St. Brown,WR,Lions,16,WR1 elite,0.0,0.0,0.0,9.5,0.75,7.8,,,,,,,,,,0.05,low,,,Odds to lead NFL in receiving yards +900; co-favorite to lead NFL in receiving TDs (+700); led NFL in red-zone targets (35) in 2025,Elite catch rate/target-earner in a run-first offense that still feeds him heavily on early downs.
A.J. Brown,WR,Patriots,16,WR1 new team,0.0,0.0,0.0,9.0,0.65,8.5,,,,,,,,,,0.055,medium,"Traded from Philadelphia to New England for a 2028 1st and 2027 5th -- the offseason's biggest trade, reuniting him with Mike Vrabel, his original NFL head coach.",,,Elite talent walking into a brand-new offense; a full season of chemistry-building is the swing factor versus his Philly production.
Nico Collins,WR,Texans,15,WR1 elite,0.0,0.0,0.0,9.0,0.66,8.8,,,,,,,,,,0.055,medium,,,Odds to lead NFL in receiving yards +1600,Confirmed WR1 with real talent; has dealt with soft-tissue injuries costing him a few games most seasons.
Malik Nabers,WR,Giants,10,"WR1 talented, injury recovery",0.0,0.0,0.0,8.5,0.65,8.0,,,,,,,,,,0.05,very_high,"Tore his ACL and lateral meniscus in Week 4, 2025 (a complex repair) and had a second cleanup procedure this spring; practicing at camp but a PUP-to-Week-1-ish return is plausible.",,"FantasyPoints projects Nabers to lead the league at 1,467.5 receiving yards; recovering from a knee injury entering 2026","Elite target-earner when healthy, but this is a genuine Week 1 availability question, not just a name on an injury report."
Justin Jefferson,WR,Vikings,16,WR1 elite alpha,0.0,0.0,0.0,10.0,0.68,9.0,,,,,,,,,,0.06,low,,,"Season receiving yards market reference approx 1,149 (precision uncertain -- source did not confirm half-point); odds to lead NFL in receiving yards +1400; OPOY +1500",Locked-in target monster regardless of who's throwing him the ball.
CeeDee Lamb,WR,Cowboys,16,WR1 elite,0.0,0.0,0.0,9.5,0.68,8.2,,,,,,,,,,0.05,medium,,,"Season receiving yards market reference approx 1,149 (precision uncertain -- source did not confirm half-point); odds to lead NFL in receiving yards +1100; odds to lead NFL in receiving TDs +1500; OPOY +1800","Confirmed WR1 in a pass-heavy, up-tempo offense."
Drake London,WR,Falcons,16,"WR1 elite, extended",0.0,0.0,0.0,9.0,0.63,8.0,,,,,,,,,,0.05,medium,Signed a lucrative extension this summer; the Falcons' QB competition (Tua vs. Penix) adds passing-offense uncertainty around him.,,Odds to lead NFL in receiving yards +1600,"Healthy after a PCL injury limited him to 12 games in 2025; the QB competition is his real 2026 variable, not his own health."
Ladd McConkey,WR,Chargers,16,WR1 confirmed,0.0,0.0,0.0,8.5,0.68,7.8,,,,,,,,,,0.045,medium,,,,"Confirmed Chargers WR1 in an offense that leans run-funnel under Harbaugh, capping his ceiling slightly versus a pass-funnel WR1."
Brian Thomas Jr.,WR,Jaguars,16,WR1 in camp competition,0.0,0.0,0.0,8.0,0.6,8.5,,,,,,,,,,0.05,medium,In a real camp battle for the true WR1 role with free-agent addition Jakobi Meyers and Parker Washington.,,,"Elite size/speed profile, but target-share is genuinely contested this camp rather than handed to him."
Marvin Harrison Jr.,WR,Cardinals,16,"WR1 confirmed, bad offense",0.0,0.0,0.0,8.5,0.6,7.8,,,,,,,,,,0.045,medium,,,,"Confirmed WR1, but Arizona projects as the league's worst offense (lowest 2026 win total) -- a real environment drag on an otherwise clear target share."
Tyreek Hill,WR,Free agent,10,"WR2 unsigned, injury recovery",0.0,0.0,0.0,6.0,0.62,8.5,,,,,,,,,,0.05,very_high,"Released by Miami in Feb. 2026; tore his ACL in Week 4, 2025 and is expected to miss roughly the first quarter of 2026 even once signed.",,,"Elite talent when healthy, but unsigned, injured, and likely to miss real time -- one of the largest situational question marks in the entire pool."
Davante Adams,WR,Rams,15,WR2 behind Nacua,0.0,0.0,0.0,7.0,0.65,7.2,,,,,,,,,,0.05,medium,,,Co-favorite to lead NFL in receiving TDs (+700) after leading the NFL with 14 receiving TDs in 2025,"Still-productive veteran, but clearly the second option behind Nacua in a run-heavy scheme."
DK Metcalf,WR,Steelers,16,WR1 confirmed,0.0,0.0,0.0,8.0,0.6,8.2,,,,,,,,,,0.05,medium,"Confirmed Steelers WR1 alongside newly acquired Michael Pittman Jr., under a 42-year-old Aaron Rodgers.",,,"Real talent, but an aging QB and a pass-funnel-but-limited offense cap the median outcome versus his physical ceiling."
Terry McLaurin,WR,Commanders,16,WR1 confirmed,0.0,0.0,0.0,8.0,0.63,7.8,,,,,,,,,,0.045,medium,,,,"Clear WR1 in a good Jayden Daniels-led offense; the WR2 job behind him is a genuine camp battle, which doesn't affect his own role."
Garrett Wilson,WR,Jets,16,"WR1 talented, weak offense",0.0,0.0,0.0,8.5,0.6,7.0,,,,,,,,,,0.04,medium,,,,"Confirmed WR1, but has finished outside the top-20 PPR wideouts in three of four seasons on a rebuilding Jets offense now starting a new veteran QB."
Tee Higgins,WR,Bengals,15,WR2 elite,0.0,0.0,0.0,7.0,0.62,8.2,,,,,,,,,,0.055,medium,,,,Clear #2 to Chase but plenty of volume in a pass-heavy offense; missed time in each of the last two seasons.
DJ Moore,WR,Bills,15,WR1 new team,0.0,0.0,0.0,7.5,0.62,7.5,,,,,,,,,,0.045,medium,"Traded from Chicago to Buffalo, reuniting with HC Joe Brady (his OC in Carolina, 2020-21) after a down 2025 (682 yards).",,Signed with Buffalo this offseason as part of an upgraded Bills WR corps,"A real scheme/QB upgrade (Josh Allen over Caleb Williams' rookie-to-2nd-year offense), but he must first prove the 2025 decline was situational, not aging."
Courtland Sutton,WR,Broncos,16,WR1 target-share risk,0.0,0.0,0.0,6.5,0.58,7.5,,,,,,,,,,0.045,medium,"Denver traded for Jaylen Waddle, sharply increasing target competition in what had been Sutton's uncontested WR1 role.",,,"Still the starting X-receiver on paper, but the Waddle addition is a real, not hypothetical, threat to his target share."
Zay Flowers,WR,Ravens,15,WR1 confirmed,0.0,0.0,0.0,7.5,0.68,7.0,,,,,,,,,,0.04,medium,Extension talks (~$35M/yr) were ongoing without a signed deal as of early August -- not expected to affect his on-field role.,,,"Contract situation is a distraction risk, not expected to change his role or usage."
George Pickens,WR,Cowboys,16,"WR2 confirmed, on tag",0.0,0.0,0.0,6.5,0.58,8.0,,,,,,,,,,0.045,medium,Franchise tagged for 2026 ($27.3M guaranteed) after Dallas declined to negotiate a long-term deal.,,,"Talent and volume are both real; the unresolved long-term contract is a locker-room/effort watch item, not a projection input by itself."
Jameson Williams,WR,Lions,16,WR2 big-play,0.0,0.0,0.0,6.0,0.58,8.5,,,,,,,,,,0.045,medium,,,,Boom/bust deep-threat role in a run-first offense; touchdown-or-bust weeks are common.
Jordan Addison,WR,Vikings,15,WR2 confirmed,0.0,0.0,0.0,6.5,0.62,7.5,,,,,,,,,,0.045,medium,"Confirmed Vikings WR2; free-agent addition Jauan Jennings (from SF) is now WR3, forming one of the league's deepest receiving corps.",,,"Real target competition from a crowded receiver room, even though his own WR2 slot is secure."
Rome Odunze,WR,Bears,16,WR1 more room to grow,0.0,0.0,0.0,7.0,0.6,7.5,,,,,,,,,,0.045,medium,DJ Moore's trade to Buffalo opens real target volume for Odunze in Year 2 of Ben Johnson's offense.,,,"A clear, sourced target-share increase, not a hopeful guess -- the swing factor is efficiency growth in Year 2, not opportunity."
Mike Evans,WR,49ers,15,WR1 new team,0.0,0.0,0.0,7.5,0.6,8.0,,,,,,,,,,0.06,medium,"Signed a 3-year, $60M free agent deal with San Francisco after leaving Tampa Bay; listed atop the 49ers' WR depth chart.",,Past receiving-TD leader; longer-odds mention (+3000 range) for a repeat,"Elite red-zone track record moves to a new, more run-heavy-but-efficient scheme -- target competition with Kittle/Kirk/Samuel/Pearsall is real even at the top of the depth chart."
Chris Olave,WR,Saints,15,WR1 confirmed,0.0,0.0,0.0,7.5,0.63,7.5,,,,,,,,,,0.04,medium,,,Odds to lead NFL in receiving yards +2000,"Confirmed starter, but a rookie-QB-adjacent situation (Shough's first full year) and a bad-offense environment cap the ceiling."
Calvin Ridley,WR,Titans,14,WR3 demoted,0.0,0.0,0.0,5.0,0.6,7.5,,,,,,,,,,0.04,high,Demoted on the depth chart -- rookie Carnell Tate and free-agent signee Wan'Dale Robinson (from NYG) are now listed ahead of him.,,,"A real, sourced demotion from clear WR1 to a contested WR3 role -- treat last year's per-target rate as no longer his expected usage."
Xavier Worthy,WR,Chiefs,16,WR2 speed threat,0.0,0.0,0.0,6.0,0.58,8.0,,,,,,,,,,0.045,medium,,,,Big-play role in a crowded Chiefs WR room; touch/target volume is inconsistent week to week.
Jaylen Waddle,WR,Broncos,15,WR2 new team,0.0,0.0,0.0,6.5,0.65,7.5,,,,,,,,,,0.04,medium,"Traded from Miami to Denver (Denver sent multiple picks, including a 2026 1st-rounder) as part of an all-in push for a Super Bowl run.",,,"Joining a crowded WR room with Sutton and Mims; target-share in a new offense with a new QB relationship is the real unknown, not his talent."
Deebo Samuel,WR,49ers,14,WR3 returning role player,1.5,5.0,0.03,5.0,0.65,6.5,,,,,,,,,,0.04,medium,"Returned to San Francisco on a 1-year, $7M deal after one season with Washington, signed in part to fill the gap left by Ricky Pearsall's season-ending injury.",,,"Familiar scheme fit but a crowded WR room (Evans, Kittle, Kirk) caps his target ceiling versus his Niners peak years."
Keenan Allen,WR,Free agent,8,WR3 unsigned veteran,0.0,0.0,0.0,4.5,0.68,6.5,,,,,,,,,,0.035,very_high,Remains unsigned as of camps opening in late July 2026.,,,"No reported injury, but no team either -- a real availability and role-timing risk for Week 1 and beyond."
Jerry Jeudy,WR,Browns,15,"WR1 confirmed, bad situation",0.0,0.0,0.0,6.5,0.6,7.5,,,,,,,,,,0.035,high,,,,"Confirmed WR1, but Cleveland's rebuilt O-line and Deshaun Watson's uncertain return make this one of the lower-efficiency starting jobs at the position."
Rashee Rice,WR,Chiefs,15,"WR2 confirmed, legal risk",0.0,0.0,0.0,6.5,0.65,7.0,,,,,,,,,,0.045,high,"Cleared by the NFL on the personal-conduct policy, but faces an ongoing civil domestic-violence lawsuit after serving roughly 30 days for a probation violation.",,,"On-field role is fine, but real off-field legal/conduct risk could affect availability at any point in the season."
Travis Hunter,WR,Jaguars,15,WR2/3 crowded competition,0.0,0.0,0.0,5.5,0.62,6.5,,,,,,,,,,0.035,high,,,Comeback Player of the Year long shot (+2500),"Part of a genuinely crowded Jacksonville WR room (Thomas, Meyers, Washington) -- two-way NFL/CB snaps also cap his offensive-side ceiling."
Emeka Egbuka,WR,Buccaneers,16,WR1 elevated,0.0,0.0,0.0,7.5,0.65,7.5,,,,,,,,,,0.05,medium,"Mike Evans' departure to San Francisco hands Egbuka a significantly larger target share entering Year 2, listed alongside Godwin atop the depth chart.",,"Reported improving Offensive Rookie of the Year-cycle odds context (CBS Sports); had 938 rec yds as a rookie in 2025, expected to lead Buccaneers WRs in 2026","A clear, sourced opportunity increase; efficiency at that higher volume in Year 2 is the open question."
Matthew Golden,WR,Packers,15,WR2 sophomore,0.0,0.0,0.0,5.0,0.6,7.0,,,,,,,,,,0.04,high,,,,Year 2 developmental receiver in a deep Packers WR room; role could grow but isn't guaranteed to.
Tetairoa McMillan,WR,Panthers,16,WR1 confirmed,0.0,0.0,0.0,7.0,0.58,7.8,,,,,,,,,,0.045,medium,,,"Won 2025 NFL Offensive Rookie of the Year, leading all rookies with 1,014 rec yds and 7 TD",Confirmed Panthers WR1 as a rookie standout; Year 2 efficiency growth is the swing factor.
Ricky Pearsall,WR,49ers,4,WR3 season-ending injury,0.0,0.0,0.0,3.0,0.6,6.5,,,,,,,,,,0.03,very_high,Reportedly suffered a season-ending injury requiring surgery -- cited as the reason San Francisco signed Deebo Samuel to fill the gap.,,,"Treat as likely out for all or most of 2026 until the exact severity/timeline is confirmed -- this games-played number is a placeholder, not a researched figure."
Jauan Jennings,WR,Vikings,15,WR3 new team,0.0,0.0,0.0,4.5,0.65,6.5,,,,,,,,,,0.035,medium,"Left San Francisco in free agency, signed with Minnesota; slots in as WR3 behind Jefferson/Addison in one of the league's best receiving corps.",,,"Real role in a great offense, but WR3 in a crowded room caps the target ceiling."
Khalil Shakir,WR,Bills,15,WR3 slot,0.0,0.0,0.0,5.0,0.68,6.5,,,,,,,,,,0.035,medium,,,,Reliable slot role in a run-funnel offense; DJ Moore's arrival adds target competition at the top of the depth chart.
Josh Downs,WR,Colts,15,WR2/3 rotation,0.0,0.0,0.0,5.5,0.68,6.0,,,,,,,,,,0.03,medium,Michael Pittman Jr.'s trade to Pittsburgh vacates real target share in Indianapolis' passing game.,,,"A clear, sourced opportunity increase behind a run-funnel Colts offense; Tyler Warren's emergence at TE is some competition for those same vacated looks."
Rashod Bateman,WR,Ravens,14,WR2 complementary,0.0,0.0,0.0,4.5,0.62,7.0,,,,,,,,,,0.035,medium,,,,Steady complementary role in an elite offense behind Flowers.
Darnell Mooney,WR,Giants,13,WR3 backup,0.0,0.0,0.0,3.5,0.6,6.5,,,,,,,,,,0.03,high,Released by Atlanta (cap-saving move); signed a 1-year deal with the Giants as depth behind an injured Malik Nabers.,,,"Real path to early-season volume if Nabers opens on PUP, but purely a depth/complementary role once Nabers is back."
Christian Kirk,WR,Texans,13,WR3 depth,0.0,0.0,0.0,4.0,0.65,6.5,,,,,,,,,,0.035,medium,,,,Depth piece behind Collins/Higgins in Houston; stepped up with two playoff TDs but isn't a primary target earner.
Marvin Mims Jr.,WR,Broncos,14,WR3 target-share risk,0.0,0.0,0.0,4.0,0.6,7.5,,,,,,,,,,0.04,high,Denver's trade for Jaylen Waddle sharply increases target competition in what had been a growing role for Mims.,,,"A sourced target-share risk, not a hopeful assumption -- Waddle's arrival directly threatens his snaps."
Jayden Reed,WR,Packers,15,WR2 confirmed,0.0,0.0,0.0,5.5,0.62,7.0,,,,,,,,,,0.04,medium,,,,Confirmed Packers WR2 on the current depth chart.
Romeo Doubs,WR,Patriots,14,WR3 new team,0.0,0.0,0.0,4.0,0.6,6.5,,,,,,,,,,0.035,medium,Signed with New England in free agency (reported $60-80M range) after leaving Green Bay; slots in behind A.J. Brown on the new-look depth chart.,,,"A real role, but behind a true alpha (Brown) and amid a totally rebuilt WR room -- target-share ceiling is capped even on a good offense."
Christian Watson,WR,Packers,14,WR2 healthy return,0.0,0.0,0.0,5.0,0.58,8.0,,,,,,,,,,0.045,medium,"Tore his ACL in Jan. 2025, returned Oct. 26, 2025; fully healthy and listed atop the Packers' 2026 WR depth chart.",,,Clean ACL recovery removes the injury discount that would otherwise apply; boom/bust big-play role remains.
Michael Pittman Jr.,WR,Steelers,15,WR2 new team,0.0,0.0,0.0,6.0,0.63,7.0,,,,,,,,,,0.04,medium,Traded from Indianapolis to Pittsburgh; joins DK Metcalf atop the Steelers' WR depth chart.,,,"Real volume alongside Metcalf, but a 42-year-old Aaron Rodgers at QB is a real efficiency drag versus his Colts situation."
Diontae Johnson,WR,Free agent,6,WR3 unsigned,0.0,0.0,0.0,3.0,0.62,6.0,,,,,,,,,,0.03,very_high,Released by Cleveland in Aug. 2025; remains unsigned entering 2026 per the latest reports.,,,No team as of camp -- essentially unrosterable until he signs somewhere.
Cooper Kupp,WR,Seahawks,14,WR3 veteran addition,0.0,0.0,0.0,5.0,0.68,6.5,,,,,,,,,,0.04,medium,"Already with Seattle after signing there in the 2025 offseason; part of a deep, retooled Seahawks WR room behind Smith-Njigba.",,,"Clear talent, but no longer a true WR1 target share in a room this deep -- treat as a productive complementary piece."
Stefon Diggs,WR,Free agent,7,WR3 unsigned veteran,0.0,0.0,0.0,4.0,0.62,6.5,,,,,,,,,,0.035,very_high,Released by New England after one season; found not guilty in a legal trial; still unsigned as of late July with Washington speculation.,,,"Real talent, but no confirmed team as camps open -- monitor closely for a landing spot before trusting this projection."
DeVonta Smith,WR,Eagles,16,WR1 elevated,0.0,0.0,0.0,7.5,0.68,7.0,,,,,,,,,,0.04,medium,Elevated to unquestioned Eagles WR1 after the A.J. Brown trade to New England hands him (and rookie Makai Lemon) a significantly larger target share.,,,"A clear, sourced opportunity increase; the swing factor is whether the larger role also means more contested/lower-value targets that used to go to Brown."
Chris Godwin Jr.,WR,Buccaneers,15,WR2 healthy,0.0,0.0,0.0,5.5,0.68,6.5,,,,,,,,,,0.035,medium,Fully recovered from a 2024 dislocated-ankle surgery and a 2025 fibula injury; says he feels like his old self at camp.,,,Positive health outlook after two injury-plagued seasons; resumes his primary slot role alongside Egbuka now that Evans is gone.
Marquise Brown,WR,Eagles,13,WR3 new team,0.0,0.0,0.0,3.5,0.6,7.0,,,,,,,,,,0.035,high,Signed a 1-year deal with Philadelphia after two seasons in Kansas City; competing for a complementary WR3 role behind DeVonta Smith and rookie Makai Lemon.,,,"Real speed/talent, but a genuinely contested WR3 job, not a secured role."
Curtis Samuel,WR,Free agent,5,WR4 unsigned,0.0,0.0,0.0,2.5,0.6,5.5,,,,,,,,,,0.025,very_high,"Released by Buffalo in March 2026 (cap-saving move) after two disappointing, injury-hampered seasons.",,,Unsigned and coming off two down years -- minimal realistic value even if he signs somewhere.
Elic Ayomanor,WR,Titans,12,WR4 crowded depth,0.0,0.0,0.0,3.0,0.58,6.5,,,,,,,,,,0.03,high,,,,"Buried behind rookie Carnell Tate, Wan'Dale Robinson, and Calvin Ridley on a crowded Titans WR depth chart."
Jack Bech,WR,Raiders,12,WR3 complementary,0.0,0.0,0.0,3.0,0.6,6.0,,,,,,,,,,0.03,high,,,,Competing for complementary targets behind a passing game that runs heavily through TE Brock Bowers.
Kyle Williams,WR,Patriots,11,WR4 crowded depth,0.0,0.0,0.0,2.5,0.58,6.0,,,,,,,,,,0.03,very_high,"Target competition increased sharply after New England added two veteran WRs (A.J. Brown, Romeo Doubs) ahead of him on the depth chart.",,,"A real, sourced opportunity decrease from a crowded receiver room overhaul."
Tre Harris,WR,Chargers,11,WR4 depth,0.0,0.0,0.0,2.5,0.58,6.5,,,,,,,,,,0.03,very_high,,,,Behind McConkey/Johnston on the Chargers' WR depth chart.
Luther Burden III,WR,Bears,13,WR3 more room to grow,0.0,0.0,0.0,4.0,0.62,6.0,,,,,,,,,,0.03,high,DJ Moore's trade to Buffalo opens up real target volume in Chicago's passing game for the Bears' other young receivers.,,,"A sourced opportunity increase, but he's splitting it with Rome Odunze -- not guaranteed to be the primary beneficiary."
Isaac TeSlaa,WR,Lions,11,WR4 depth,0.0,0.0,0.0,2.0,0.6,6.0,,,,,,,,,,0.025,very_high,,,,Deep depth-chart piece on the Lions' WR room.
Jayden Higgins,WR,Texans,12,WR3 depth,0.0,0.0,0.0,3.0,0.6,6.5,,,,,,,,,,0.03,high,,,,Behind Nico Collins on the Texans' WR depth chart.
Xavier Legette,WR,Panthers,11,WR3 depth,0.0,0.0,0.0,3.0,0.58,6.5,,,,,,,,,,0.03,high,,,,Behind McMillan/Coker on the Panthers' WR depth chart.
Adonai Mitchell,WR,Jets,12,WR3 new team,0.0,0.0,0.0,3.5,0.58,7.0,,,,,,,,,,0.035,high,Traded from Indianapolis to the Jets (Nov. 2025) as part of the Sauce Gardner deal; listed among the Jets' starting receivers alongside Garrett Wilson.,,,"Real opportunity after being stuck behind Pittman/Downs in Indy, but a rebuilding Jets passing game caps the efficiency ceiling."
Jalen Coker,WR,Panthers,11,WR4 depth,0.0,0.0,0.0,2.0,0.58,6.0,,,,,,,,,,0.025,very_high,,,,Depth piece on the Panthers' WR chart.
Keon Coleman,WR,Bills,11,WR3 depth,0.0,0.0,0.0,3.0,0.58,6.5,,,,,,,,,,0.03,high,,,,Behind Moore/Shakir on the Bills' WR depth chart.
Rashid Shaheed,WR,Seahawks,13,"WR3 speed threat, paid",0.0,0.0,0.0,3.5,0.62,7.5,,,,,,,,,,0.035,high,"Traded from New Orleans to Seattle at the 2025 deadline; re-signed on a 3-year, $51M deal after helping them win the Super Bowl.",,,"Real role and a market-rate deal, but a deep WR room (Smith-Njigba/Kupp) caps his target share."
Demario Douglas,WR,Patriots,9,WR4 deep depth,0.0,0.0,0.0,2.0,0.6,5.5,,,,,,,,,,0.025,very_high,"New England's WR overhaul (A.J. Brown, Romeo Doubs additions) likely reduces his role further.",,,"A sourced opportunity decrease from a crowded, upgraded receiver room."
Tank Dell,WR,Texans,9,WR4 deep depth,0.0,0.0,0.0,2.0,0.6,6.0,,,,,,,,,,0.025,very_high,,,,Deep bench behind Collins/Higgins/Kirk in Houston.
Dontayvion Wicks,WR,Eagles,11,WR3 new team,0.0,0.0,0.0,2.5,0.58,6.5,,,,,,,,,,0.03,high,Traded from Green Bay to Philadelphia and signed a 1-year extension; competing with Marquise Brown for the Eagles' WR3 role.,,,"Real opportunity in a contested competition, not a guaranteed role."
Josh Reynolds,WR,Uncertain,9,WR4 depth,0.0,0.0,0.0,2.0,0.58,6.0,,,,,,,,,,0.025,very_high,2026 team could not be confirmed with confidence in research -- treat as a placeholder.,,,Genuine situational unknown on top of an already deep-bench profile.
Wan'Dale Robinson,WR,Titans,14,"WR2 new team, elevated",0.0,0.0,0.0,5.0,0.68,6.0,,,,,,,,,,0.03,medium,"Signed a 4-year, $78M free agent deal with Tennessee after leaving the Giants; elevated onto the Titans' WR depth chart, contributing to Calvin Ridley's demotion.",,,"A real, well-paid role on a bad offense (worst O-line in the league) -- volume should be solid, efficiency capped by the surrounding talent."
Quentin Johnston,WR,Chargers,11,WR3 depth,0.0,0.0,0.0,3.0,0.58,7.0,,,,,,,,,,0.035,high,,,,Behind McConkey on the Chargers' WR depth chart.
Jalin Hyatt,WR,Uncertain,8,WR4 deep depth,0.0,0.0,0.0,1.5,0.58,6.0,,,,,,,,,,0.02,very_high,2026 team could not be confirmed with confidence in research -- treat as a placeholder.,,,Genuine situational unknown on top of an already deep-bench profile.
Skyy Moore,WR,Packers,8,WR4 deep depth,0.0,0.0,0.0,1.5,0.58,5.5,,,,,,,,,,0.02,very_high,,,,Deep depth-chart piece on the Packers' WR room.
Trey McBride,TE,Cardinals,16,TE1 elite target hog,0.0,0.0,0.0,8.5,0.75,6.5,,,,,,,,,,0.05,medium,"New HC hire promoted OC Drew Petzing, who helped make him an All-Pro -- scheme continuity supports his role.",,"Part of DraftKings '99 Club' parlay needing 1,000+ rec yds in 2026; led all TEs with 1,239 rec yds in 2025",Arizona's league-worst offensive environment (implied points) is the one drag on an elite target share.
Brock Bowers,TE,Raiders,15,TE1 elite target hog,0.0,0.0,0.0,9.0,0.72,6.5,,,,,,,,,,0.045,medium,,,"Reported fully healthy for 2026 camp after an injury-shortened 2025 (84 rec, 630 yds, 7 TD in Year 2); had 1,194 rec yds as a rookie in 2024",Dominates the Raiders' target share regardless of who's at QB (Cousins over rookie Mendoza).
Colston Loveland,TE,Bears,15,TE1 elevated,0.0,0.0,0.0,6.0,0.68,6.5,,,,,,,,,,0.045,medium,Elevated to Chicago's clear TE1 over veteran Cole Kmet entering Year 2.,,Highest-graded rookie TE in 2025 (85.3 PFF); 597 rec yds from Week 9 on,"A real, sourced role increase in Ben Johnson's offense; efficiency at a bigger workload is the open question."
Tyler Warren,TE,Colts,16,"TE1 confirmed, target share up",0.0,0.0,0.0,6.5,0.68,6.0,,,,,,,,,,0.04,medium,"Confirmed TE1 after a Pro Bowl rookie year (817 yards, led all rookie TEs); the Michael Pittman Jr. trade to Pittsburgh should further boost his target share.",,817 rec yds as a rookie in 2025,A sourced opportunity increase on top of an already-productive rookie season -- one of the safer TE bets in the pool.
Tucker Kraft,TE,Packers,15,TE1 confirmed,0.0,0.0,0.0,5.5,0.68,6.5,,,,,,,,,,0.045,medium,,,,Confirmed lead tight end in a deep Packers passing offense.
Sam LaPorta,TE,Lions,16,"TE1 confirmed, healthy",0.0,0.0,0.0,6.0,0.7,6.0,,,,,,,,,,0.04,medium,Had offseason back surgery for a herniated disc that limited him to 9 games in 2025; fully cleared and healthy entering camp.,,"Limited to 9 games in 2025 (40 rec, 489 yds, 3 TD) by injury","A positive health update after an injury-shortened 2025 lowers the discount versus last year, though back injuries carry real recurrence risk."
George Kittle,TE,49ers,14,TE1 confirmed,0.0,0.0,0.0,5.5,0.68,7.0,,,,,,,,,,0.045,medium,"49ers added WR Mike Evans and re-signed Deebo Samuel this offseason, meaningfully deepening the target competition around him.",,Comeback Player of the Year long shot (+2000),"Elite blocker/receiver combo, but a genuinely more crowded pass-catcher room than in recent years."
Travis Kelce,TE,Chiefs,15,"TE1 aging, re-signed",0.0,0.0,0.0,6.0,0.68,5.5,,,,,,,,,,0.035,high,"Re-signed for a 14th season on a 1-year deal; retirement speculation ('the last dance') persists, but he's committed to playing 2026.",,Ranked among SI's top-10 TEs for 2026 amid a retirement-tour narrative,"Real age-36 decline risk on top of retirement-adjacent noise, even with a fresh contract."
T.J. Hockenson,TE,Vikings,15,TE1 confirmed,0.0,0.0,0.0,5.5,0.68,6.0,,,,,,,,,,0.04,medium,,,,Confirmed starter in a strong Vikings passing offense; no new 2026 injury news found.
Mark Andrews,TE,Ravens,15,"TE1 confirmed, extended",0.0,0.0,0.0,5.0,0.65,6.5,,,,,,,,,,0.045,medium,"Signed a 3-year, $39.3M extension in Dec. 2025, ending trade speculation -- staying in Baltimore's elite offense through at least 2028.",,,Contract security removes the trade-risk overhang that clouded his outlook a year ago.
David Njoku,TE,Chargers,14,TE1 new team,0.0,0.0,0.0,5.0,0.68,6.0,,,,,,,,,,0.04,medium,"Signed with the Chargers in free agency after leaving Cleveland; the presumed starting TE, though a rookie TE is seen as the long-term heir apparent.",,,Fully healthy from a left PCL sprain; new offense/QB chemistry and a rookie waiting behind him are the real 2026 variables.
Dalton Kincaid,TE,Bills,14,"TE2 role, injury flag",0.0,0.0,0.0,4.5,0.68,5.5,,,,,,,,,,0.035,high,,,,"Dealing with recurring left knee soreness (missed a camp practice) -- not viewed as long-term, but a pattern worth tracking given his young injury history."
Evan Engram,TE,Broncos,14,"TE1 confirmed, efficiency risk",0.0,0.0,0.0,5.0,0.65,5.5,,,,,,,,,,0.03,medium,,,,"Remains the primary TE despite a down 2025 (50/461/1); per-target efficiency, not opportunity, is the concern."
Jonnu Smith,TE,Free agent,6,TE2 unsigned,0.0,0.0,0.0,3.0,0.65,5.5,,,,,,,,,,0.03,very_high,Released by Pittsburgh in March 2026 after one disappointing season (traded there from Miami in June 2025); unsigned per the most recent reports.,,,No team as of camp -- real availability risk on top of a down 2025.
Dallas Goedert,TE,Eagles,14,TE1 confirmed,0.0,0.0,0.0,5.0,0.68,6.0,,,,,,,,,,0.04,medium,"Re-signed with Philadelphia for another season, though his long-term future beyond 2026 is unclear.",,,Secure role for 2026 specifically.
Zach Ertz,TE,Free agent,8,"TE2 unsigned, injury recovery",0.0,0.0,0.0,3.0,0.68,5.5,,,,,,,,,,0.03,very_high,"Tore his ACL in Week 14, 2025; plans to play a 14th season and is expected to be cleared right around Week 1, but remains unsigned (potential Eagles or Washington reunion mentioned).",,,"Real Week 1 availability risk given the ACL recovery timeline, on top of being unsigned as of camp."
Cade Otton,TE,Buccaneers,14,TE2,0.0,0.0,0.0,3.5,0.65,5.5,,,,,,,,,,0.03,medium,,,,Steady complementary role in Tampa Bay's passing game.
Hunter Henry,TE,Chargers,14,TE1a in crowded room,0.0,0.0,0.0,4.5,0.68,5.5,,,,,,,,,,0.035,high,"Chargers also signed David Njoku in free agency and are grooming a rookie TE as the long-term answer -- Henry remains the starter for now, but the room is crowded.",,,"Real short-term role, but the clearest TE timeshare risk in the pool given two veteran additions plus a rookie behind him."
Pat Freiermuth,TE,Steelers,14,TE2,0.0,0.0,0.0,3.5,0.65,5.5,,,,,,,,,,0.03,medium,,,,"Complementary role behind a WR-heavy Steelers passing game (Metcalf, Pittman)."
Chig Okonkwo,TE,Titans,13,TE2,0.0,0.0,0.0,3.5,0.65,6.0,,,,,,,,,,0.03,high,,,,Complementary role on a bad-offense team with the league's worst projected O-line.
Isaiah Likely,TE,Ravens,12,TE2 backup,0.0,0.0,0.0,2.5,0.65,6.0,,,,,,,,,,0.03,high,,,,"Backup to Mark Andrews with real standalone value if Andrews is out, capped touches otherwise."
Cole Kmet,TE,Bears,13,TE2 demoted,0.0,0.0,0.0,3.0,0.62,5.5,,,,,,,,,,0.03,high,"Now clearly TE2 behind 2nd-year Colston Loveland, though Chicago's heavy 12/13-personnel usage should keep him relevant.",,,"A real, sourced demotion from lead to complementary tight end."
Juwan Johnson,TE,Saints,12,"TE1 role, new competition",0.0,0.0,0.0,3.5,0.62,5.5,,,,,,,,,,0.035,high,Saints also signed veteran TE Noah Fant in free agency for depth/competition.,,,"Still the incumbent, but a real new signing adds committee risk."
Noah Fant,TE,Saints,10,TE2 new team,0.0,0.0,0.0,2.5,0.62,5.5,,,,,,,,,,0.03,very_high,"Signed a 2-year, $8.75M deal with New Orleans in March 2026; competes with/behind Juwan Johnson.",,,A real but contested role -- not a clear path to lead-TE volume.
Luke Musgrave,TE,Packers,10,TE3 depth,0.0,0.0,0.0,2.0,0.6,5.5,,,,,,,,,,0.025,very_high,,,,Deep depth-chart piece in a deep Packers pass-catching room.
Brenton Strange,TE,Jaguars,9,TE3 depth,0.0,0.0,0.0,2.0,0.6,5.5,,,,,,,,,,0.025,very_high,,,,Deep bench in a crowded Jacksonville passing game.
Ja'Tavion Sanders,TE,Panthers,10,TE2,0.0,0.0,0.0,2.5,0.62,5.5,,,,,,,,,,0.03,high,,,,Complementary role in Carolina's passing game.
Elijah Arroyo,TE,Seahawks,8,TE3 depth,0.0,0.0,0.0,1.5,0.58,5.5,,,,,,,,,,0.02,very_high,,,,Deep depth-chart rookie in a WR-heavy Seattle passing game.
Terrance Ferguson,TE,Rams,8,TE3 depth,0.0,0.0,0.0,1.5,0.58,5.5,,,,,,,,,,0.02,very_high,,,,Deep depth-chart piece behind the Rams' loaded WR room.
Harold Fannin Jr.,TE,Browns,9,TE3 depth,0.0,0.0,0.0,2.0,0.6,5.5,,,,,,,,,,0.025,very_high,,,,Deep depth-chart rookie on a rebuilding Cleveland offense.
Mason Taylor,TE,Giants,9,TE2,0.0,0.0,0.0,2.0,0.6,5.5,,,,,,,,,,0.025,very_high,"Giants also added a rookie TE in the draft, adding depth-chart competition.",,,"Real target need in a pass-catcher-needy offense, offset by a new rookie behind him."
Gunnar Helm,TE,Titans,8,TE3 depth,0.0,0.0,0.0,1.5,0.58,5.5,,,,,,,,,,0.02,very_high,,,,Deep depth-chart rookie on the league's worst-projected-O-line offense.
