player_name,position,nfl_team,projected_points,floor,ceiling,risk_tier,explanation,pos_rank,replacement_points,vor,overall_rank,vor_round,bye_week
Jahmyr Gibbs,RB,Lions,343.8,292.2,405.7,low,"17.0 carries/g x 5.34 YPC | 5.0 targets/g, half-PPR | +13 pts from yardage milestone bonuses",1,141.8,202.0,1,1,6.0
Christian McCaffrey,RB,49ers,316.8,237.6,405.5,medium,"19.8 carries/g x 3.99 YPC | 6.0 targets/g, half-PPR | +8 pts from yardage milestone bonuses",2,141.8,175.0,2,1,8.0
Josh Allen,QB,Bills,444.4,377.7,524.3,low,"35.0 pass att/g x 7.6 YPA, 6.2% TD rate (1pt/25 pass yds here) | 8.5 rush att/g at 5.2 YPC | +5 pts from yardage milestone bonuses",1,270.6,173.8,3,1,7.0
Ja'Marr Chase,WR,Bengals,306.0,260.1,361.1,low,"10.8 targets/g, 68% catch rate, 9.2 yds/target | +9 pts from yardage milestone bonuses",1,137.5,168.5,4,1,6.0
Bijan Robinson,RB,Falcons,306.5,229.9,392.4,medium,"17.3 carries/g x 4.70 YPC | 5.5 targets/g, half-PPR | +9 pts from yardage milestone bonuses",3,141.8,164.7,5,1,11.0
Jonathan Taylor,RB,Colts,306.3,229.7,392.0,medium,"19.0 carries/g x 4.94 YPC | 2.5 targets/g, half-PPR | +14 pts from yardage milestone bonuses",4,141.8,164.5,6,1,13.0
James Cook III,RB,Bills,285.2,242.4,336.5,low,"18.0 carries/g x 4.74 YPC | 2.6 targets/g, half-PPR | +11 pts from yardage milestone bonuses",5,141.8,143.4,7,1,7.0
Josh Jacobs,RB,Packers,270.1,170.1,383.5,high,"18.0 carries/g x 4.44 YPC | 2.5 targets/g, half-PPR | +9 pts from yardage milestone bonuses",6,141.8,128.3,8,1,11.0
Derrick Henry,RB,Ravens,266.6,200.0,341.3,medium,"16.2 carries/g x 4.94 YPC | 1.5 targets/g, half-PPR | +8 pts from yardage milestone bonuses",7,141.8,124.8,9,1,13.0
Justin Jefferson,WR,Vikings,260.2,221.2,307.1,low,"10.0 targets/g, 68% catch rate, 9.0 yds/target | +7 pts from yardage milestone bonuses",2,137.5,122.7,10,1,6.0
Kyren Williams,RB,Rams,263.6,197.7,337.3,medium,"16.9 carries/g x 4.30 YPC | 2.6 targets/g, half-PPR | +6 pts from yardage milestone bonuses",8,141.8,121.8,11,1,11.0
Saquon Barkley,RB,Eagles,262.0,196.5,335.3,medium,"18.7 carries/g x 4.10 YPC | 2.5 targets/g, half-PPR | +8 pts from yardage milestone bonuses",9,141.8,120.2,12,1,10.0
Puka Nacua,WR,Rams,252.2,189.2,322.8,medium,"10.2 targets/g, 72% catch rate, 8.5 yds/target | +6 pts from yardage milestone bonuses",3,137.5,114.7,13,2,11.0
Lamar Jackson,QB,Ravens,381.5,286.1,488.3,medium,"29.1 pass att/g x 7.8 YPA, 6.1% TD rate (1pt/25 pass yds here) | 10.0 rush att/g at 5.8 YPC | +3 pts from yardage milestone bonuses",2,270.6,110.9,14,2,13.0
Jalen Hurts,QB,Eagles,375.4,281.5,480.5,medium,"30.4 pass att/g x 7.0 YPA, 4.4% TD rate (1pt/25 pass yds here) | 10.0 rush att/g at 4.0 YPC",3,270.6,104.8,15,2,10.0
Omarion Hampton,RB,Chargers,244.1,183.1,312.4,medium,"17.3 carries/g x 4.40 YPC | 2.8 targets/g, half-PPR | +7 pts from yardage milestone bonuses",10,141.8,102.3,16,2,7.0
CeeDee Lamb,WR,Cowboys,238.9,179.2,305.8,medium,"9.9 targets/g, 68% catch rate, 8.2 yds/target | +5 pts from yardage milestone bonuses",4,137.5,101.4,17,2,14.0
Jaxon Smith-Njigba,WR,Seahawks,238.1,202.4,280.9,low,"9.3 targets/g, 70% catch rate, 8.5 yds/target | +5 pts from yardage milestone bonuses",5,137.5,100.6,18,2,11.0
Chase Brown,RB,Bengals,241.1,180.8,308.6,medium,"15.9 carries/g x 4.33 YPC | 3.2 targets/g, half-PPR | +5 pts from yardage milestone bonuses",11,141.8,99.3,19,2,6.0
Brock Bowers,TE,Raiders,172.6,129.4,220.9,medium,"9.3 targets/g, 72% catch rate, 6.5 yds/target",1,73.7,98.9,20,2,13.0
De'Von Achane,RB,Dolphins,238.9,179.2,305.8,medium,"12.4 carries/g x 4.92 YPC | 5.0 targets/g, half-PPR",12,141.8,97.1,21,2,6.0
Trey McBride,TE,Cardinals,170.5,127.9,218.3,medium,"8.5 targets/g, 75% catch rate, 6.5 yds/target",2,73.7,96.8,22,2,14.0
Patrick Mahomes,QB,Chiefs,361.9,307.6,427.0,low,"38.1 pass att/g x 7.2 YPA, 5.1% TD rate (1pt/25 pass yds here) | 4.0 rush att/g at 5.5 YPC | +6 pts from yardage milestone bonuses",4,270.6,91.3,23,2,5.0
Amon-Ra St. Brown,WR,Lions,228.1,193.9,269.2,low,"9.3 targets/g, 75% catch rate, 7.8 yds/target | +3 pts from yardage milestone bonuses",6,137.5,90.6,24,2,6.0
Joe Burrow,QB,Bengals,361.0,270.7,462.0,medium,"39.1 pass att/g x 7.6 YPA, 6.1% TD rate (1pt/25 pass yds here) | 2.5 rush att/g at 4.0 YPC | +9 pts from yardage milestone bonuses",5,270.6,90.4,25,3,6.0
A.J. Brown,WR,Patriots,220.4,138.9,313.0,high,"8.8 targets/g, 65% catch rate, 8.5 yds/target | +4 pts from yardage milestone bonuses",7,137.5,82.9,26,3,11.0
Jayden Daniels,QB,Commanders,351.4,263.6,449.8,medium,"32.3 pass att/g x 7.5 YPA, 4.5% TD rate (1pt/25 pass yds here) | 8.0 rush att/g at 5.5 YPC | +3 pts from yardage milestone bonuses",6,270.6,80.8,27,3,7.0
Bucky Irving,RB,Buccaneers,218.3,163.7,279.4,medium,"15.0 carries/g x 4.70 YPC | 3.5 targets/g, half-PPR | +5 pts from yardage milestone bonuses",13,141.8,76.5,28,3,10.0
Nico Collins,WR,Texans,212.1,159.0,271.4,medium,"8.9 targets/g, 66% catch rate, 8.8 yds/target | +4 pts from yardage milestone bonuses",8,137.5,74.6,29,3,8.0
Kenneth Walker III,RB,Chiefs,215.6,161.7,275.9,medium,"14.9 carries/g x 4.54 YPC | 3.2 targets/g, half-PPR | +4 pts from yardage milestone bonuses",14,141.8,73.8,30,3,5.0
Drake London,WR,Falcons,206.6,154.9,264.4,medium,"9.2 targets/g, 63% catch rate, 8.0 yds/target | +4 pts from yardage milestone bonuses",9,137.5,69.1,31,3,11.0
Ka'imi Fairbairn,K,HOU,219.9,186.9,259.4,low,"2.93 FG made/g (1.27 under 40 @3pt, 1.07 @4pt, 0.60 @5pt) | 1.87 XP made/g",1,151.0,68.9,32,3,
Javonte Williams,RB,Cowboys,210.1,157.6,269.0,medium,"15.6 carries/g x 4.03 YPC | 3.2 targets/g, half-PPR",15,141.8,68.3,33,3,14.0
David Montgomery,RB,Texans,208.9,156.7,267.4,medium,"15.3 carries/g x 4.30 YPC | 2.0 targets/g, half-PPR | +3 pts from yardage milestone bonuses",16,141.8,67.1,34,3,8.0
Travis Etienne Jr.,RB,Saints,203.1,152.3,259.9,medium,"14.7 carries/g x 4.20 YPC | 3.5 targets/g, half-PPR",17,141.8,61.3,35,3,8.0
Ashton Jeanty,RB,Raiders,200.3,150.2,256.3,medium,"15.3 carries/g x 4.13 YPC | 3.5 targets/g, half-PPR",18,141.8,58.5,36,3,13.0
Drake Maye,QB,Patriots,328.6,246.4,420.6,medium,"33.3 pass att/g x 7.4 YPA, 4.9% TD rate (1pt/25 pass yds here) | 5.0 rush att/g at 4.8 YPC | +4 pts from yardage milestone bonuses",7,270.6,58.0,37,4,11.0
Breece Hall,RB,Jets,195.4,146.6,250.2,medium,"13.5 carries/g x 4.03 YPC | 4.0 targets/g, half-PPR",19,141.8,53.6,38,4,13.0
Jason Myers,K,SEA,202.0,171.7,238.4,low,"2.41 FG made/g (1.12 under 40 @3pt, 0.77 @4pt, 0.53 @5pt) | 2.82 XP made/g",2,151.0,51.0,39,4,
Brian Thomas Jr.,WR,Jaguars,187.4,140.5,239.8,medium,"8.0 targets/g, 60% catch rate, 8.5 yds/target",10,137.5,49.9,40,4,7.0
Tyler Warren,TE,Colts,121.7,91.3,155.8,medium,"6.6 targets/g, 68% catch rate, 6.0 yds/target",3,73.7,48.0,41,4,13.0
Colston Loveland,TE,Bears,118.5,88.8,151.6,medium,"6.2 targets/g, 68% catch rate, 6.5 yds/target",4,73.7,44.8,42,4,10.0
DK Metcalf,WR,Steelers,182.3,136.7,233.3,medium,"8.0 targets/g, 60% catch rate, 8.2 yds/target",11,137.5,44.8,43,4,9.0
Chuba Hubbard,RB,Panthers,185.8,139.3,237.8,medium,"14.7 carries/g x 4.20 YPC | 2.5 targets/g, half-PPR",20,141.8,44.0,44,4,5.0
Ladd McConkey,WR,Chargers,180.2,135.2,230.7,medium,"8.0 targets/g, 68% catch rate, 7.8 yds/target",12,137.5,42.7,45,4,7.0
Bengals,DEF,Bengals,163.5,122.6,209.3,medium,"Elite-tier defense (10.5-win Vegas total) | ~3.1 sacks/g, ~1.05 INT/g, ~18.5 pts allowed/g (no yards-allowed component in this league's DEF rules, unlike Top Teamz)",4,120.9,42.6,46,4,6.0
Patriots,DEF,Patriots,163.5,122.6,209.3,medium,"Elite-tier defense (10.5-win Vegas total) | ~3.1 sacks/g, ~1.05 INT/g, ~18.5 pts allowed/g (no yards-allowed component in this league's DEF rules, unlike Top Teamz)",2,120.9,42.6,47,4,11.0
Chiefs,DEF,Chiefs,163.5,122.6,209.3,medium,"Elite-tier defense (10.5-win Vegas total) | ~3.1 sacks/g, ~1.05 INT/g, ~18.5 pts allowed/g (no yards-allowed component in this league's DEF rules, unlike Top Teamz)",5,120.9,42.6,48,4,5.0
Packers,DEF,Packers,163.5,122.6,209.3,medium,"Elite-tier defense (10.5-win Vegas total) | ~3.1 sacks/g, ~1.05 INT/g, ~18.5 pts allowed/g (no yards-allowed component in this league's DEF rules, unlike Top Teamz)",7,120.9,42.6,49,5,11.0
Eagles,DEF,Eagles,163.5,122.6,209.3,medium,"Elite-tier defense (10.5-win Vegas total) | ~3.1 sacks/g, ~1.05 INT/g, ~18.5 pts allowed/g (no yards-allowed component in this league's DEF rules, unlike Top Teamz)",6,120.9,42.6,50,5,10.0
Seahawks,DEF,Seahawks,163.5,122.6,209.3,medium,"Elite-tier defense (10.5-win Vegas total) | ~3.1 sacks/g, ~1.05 INT/g, ~18.5 pts allowed/g (no yards-allowed component in this league's DEF rules, unlike Top Teamz)",10,120.9,42.6,51,5,11.0
Rams,DEF,Rams,163.5,122.6,209.3,medium,"Elite-tier defense (11.5-win Vegas total) | ~3.1 sacks/g, ~1.05 INT/g, ~18.5 pts allowed/g (no yards-allowed component in this league's DEF rules, unlike Top Teamz)",9,120.9,42.6,52,5,11.0
Lions,DEF,Lions,163.5,122.6,209.3,medium,"Elite-tier defense (10.5-win Vegas total) | ~3.1 sacks/g, ~1.05 INT/g, ~18.5 pts allowed/g (no yards-allowed component in this league's DEF rules, unlike Top Teamz)",8,120.9,42.6,53,5,6.0
Bills,DEF,Bills,163.5,122.6,209.3,medium,"Elite-tier defense (10.5-win Vegas total) | ~3.1 sacks/g, ~1.05 INT/g, ~18.5 pts allowed/g (no yards-allowed component in this league's DEF rules, unlike Top Teamz)",1,120.9,42.6,54,5,7.0
Ravens,DEF,Ravens,163.5,122.6,209.3,medium,"Elite-tier defense (11.5-win Vegas total) | ~3.1 sacks/g, ~1.05 INT/g, ~18.5 pts allowed/g (no yards-allowed component in this league's DEF rules, unlike Top Teamz)",3,120.9,42.6,55,5,13.0
TreVeyon Henderson,RB,Patriots,184.3,138.2,235.9,medium,"10.4 carries/g x 4.50 YPC | 4.5 targets/g, half-PPR",21,141.8,42.5,56,5,11.0
Sam LaPorta,TE,Lions,116.0,87.0,148.4,medium,"5.9 targets/g, 70% catch rate, 6.0 yds/target",5,73.7,42.3,57,5,6.0
Terry McLaurin,WR,Commanders,178.2,133.7,228.1,medium,"8.1 targets/g, 63% catch rate, 7.8 yds/target",13,137.5,40.7,58,5,7.0
D'Andre Swift,RB,Bears,180.9,135.7,231.6,medium,"13.3 carries/g x 4.30 YPC | 3.7 targets/g, half-PPR",22,141.8,39.1,59,5,10.0
Marvin Harrison Jr.,WR,Cardinals,176.5,132.4,225.9,medium,"8.5 targets/g, 60% catch rate, 7.8 yds/target",14,137.5,39.0,60,5,14.0
Brandon Aubrey,K,DAL,187.0,159.0,220.7,low,"2.12 FG made/g (0.88 under 40 @3pt, 0.59 @4pt, 0.65 @5pt) | 2.77 XP made/g",3,151.0,36.0,61,6,
Caleb Williams,QB,Bears,306.3,192.9,434.9,high,"35.3 pass att/g x 6.9 YPA, 4.1% TD rate (1pt/25 pass yds here) | 5.0 rush att/g at 4.5 YPC | +3 pts from yardage milestone bonuses",8,270.6,35.7,62,6,10.0
Garrett Wilson,WR,Jets,170.0,127.5,217.6,medium,"8.8 targets/g, 60% catch rate, 7.0 yds/target",15,137.5,32.5,63,6,13.0
Travis Kelce,TE,Chiefs,104.5,65.8,148.3,high,"6.2 targets/g, 68% catch rate, 5.5 yds/target",6,73.7,30.8,64,6,5.0
Tucker Kraft,TE,Packers,103.8,77.9,132.9,medium,"5.4 targets/g, 68% catch rate, 6.5 yds/target",7,73.7,30.1,65,6,11.0
Baker Mayfield,QB,Buccaneers,299.8,224.9,383.8,medium,"35.0 pass att/g x 7.2 YPA, 4.6% TD rate (1pt/25 pass yds here) | 3.0 rush att/g at 4.0 YPC | +4 pts from yardage milestone bonuses",9,270.6,29.2,66,6,10.0
Emeka Egbuka,WR,Buccaneers,166.6,125.0,213.3,medium,"7.5 targets/g, 65% catch rate, 7.5 yds/target",16,137.5,29.1,67,6,10.0
Tyrone Tracy Jr.,RB,Giants,170.9,107.7,242.7,high,"13.2 carries/g x 4.23 YPC | 3.0 targets/g, half-PPR",23,141.8,29.1,68,6,8.0
Mike Evans,WR,49ers,166.4,124.8,213.0,medium,"7.4 targets/g, 60% catch rate, 8.0 yds/target",17,137.5,28.9,69,6,8.0
Tee Higgins,WR,Bengals,165.2,123.9,211.5,medium,"7.2 targets/g, 62% catch rate, 8.2 yds/target",18,137.5,27.7,70,6,6.0
George Kittle,TE,49ers,101.2,75.9,129.6,medium,"5.4 targets/g, 68% catch rate, 7.0 yds/target",8,73.7,27.5,71,6,8.0
Jared Goff,QB,Lions,297.8,253.1,351.4,low,"32.3 pass att/g x 7.6 YPA, 5.9% TD rate (1pt/25 pass yds here) | pocket passer, minimal rushing equity | +4 pts from yardage milestone bonuses",10,270.6,27.2,72,6,6.0
J.K. Dobbins,RB,Broncos,167.7,105.6,238.1,high,"15.1 carries/g x 4.61 YPC | 2.0 targets/g, half-PPR | +4 pts from yardage milestone bonuses",24,141.8,25.9,73,7,10.0
DJ Moore,WR,Bills,161.2,120.9,206.3,medium,"7.7 targets/g, 62% catch rate, 7.5 yds/target",19,137.5,23.7,74,7,7.0
T.J. Hockenson,TE,Vikings,96.5,72.4,123.5,medium,"5.5 targets/g, 68% catch rate, 6.0 yds/target",9,73.7,22.8,75,7,6.0
Mark Andrews,TE,Ravens,94.9,71.2,121.5,medium,"4.8 targets/g, 65% catch rate, 6.5 yds/target",10,73.7,21.2,76,7,13.0
Bhayshul Tuten,RB,Jaguars,162.9,102.6,231.3,high,"14.0 carries/g x 4.20 YPC | 2.5 targets/g, half-PPR",25,141.8,21.1,77,7,7.0
Bo Nix,QB,Broncos,289.6,217.2,370.7,medium,"33.7 pass att/g x 7.0 YPA, 4.2% TD rate (1pt/25 pass yds here) | 4.0 rush att/g at 4.5 YPC",11,270.6,19.0,78,7,10.0
Cameron Dicker,K,LAC,170.0,144.5,200.6,low,"2.23 FG made/g (1.23 under 40 @3pt, 0.71 @4pt, 0.29 @5pt) | 2.00 XP made/g",4,151.0,19.0,79,7,
Eddy Pineiro,K,SF,170.0,144.5,200.6,low,"2.00 FG made/g (0.86 under 40 @3pt, 0.71 @4pt, 0.43 @5pt) | 2.43 XP made/g",5,151.0,19.0,80,7,
Charlie Smyth,K,NO,170.0,144.5,200.6,low,"2.00 FG made/g (0.83 under 40 @3pt, 0.50 @4pt, 0.67 @5pt) | 2.17 XP made/g",6,151.0,19.0,81,7,
Rome Odunze,WR,Bears,155.0,116.3,198.5,medium,"7.3 targets/g, 60% catch rate, 7.5 yds/target",20,137.5,17.5,82,7,10.0
DeVonta Smith,WR,Eagles,154.1,115.5,197.2,medium,"7.3 targets/g, 68% catch rate, 7.0 yds/target",21,137.5,16.6,83,7,10.0
Davante Adams,WR,Rams,151.3,113.5,193.7,medium,"7.1 targets/g, 65% catch rate, 7.2 yds/target",22,137.5,13.8,84,7,11.0
Cam Little,K,JAX,164.0,139.4,193.6,low,"1.76 FG made/g (0.82 under 40 @3pt, 0.47 @4pt, 0.47 @5pt) | 2.94 XP made/g",7,151.0,13.0,85,8,
Tetairoa McMillan,WR,Panthers,150.3,112.7,192.3,medium,"7.1 targets/g, 58% catch rate, 7.8 yds/target",23,137.5,12.8,86,8,5.0
Jaylen Warren,RB,Steelers,154.2,115.7,197.4,medium,"12.0 carries/g x 4.30 YPC | 3.0 targets/g, half-PPR",26,141.8,12.4,87,8,9.0
George Pickens,WR,Cowboys,149.6,112.2,191.5,medium,"6.8 targets/g, 58% catch rate, 8.0 yds/target",24,137.5,12.1,88,8,14.0
Dallas Goedert,TE,Eagles,82.8,62.1,106.0,medium,"4.9 targets/g, 68% catch rate, 6.0 yds/target",11,73.7,9.1,89,8,10.0
Zay Flowers,WR,Ravens,145.8,109.4,186.7,medium,"7.3 targets/g, 68% catch rate, 7.0 yds/target",25,137.5,8.3,90,8,13.0
Will Reichard,K,MIN,159.0,135.2,187.6,low,"1.94 FG made/g (0.88 under 40 @3pt, 0.41 @4pt, 0.65 @5pt) | 1.82 XP made/g",8,151.0,8.0,91,8,
Chris Olave,WR,Saints,145.5,109.1,186.2,medium,"7.6 targets/g, 63% catch rate, 7.5 yds/target",26,137.5,8.0,92,8,8.0
Luther Burden III,WR,Bears,145.3,109.0,186.0,medium,"7.1 targets/g, 68% catch rate, 7.5 yds/target",27,137.5,7.8,93,8,10.0
Quinshon Judkins,RB,Browns,149.0,111.8,190.8,medium,"14.7 carries/g x 3.65 YPC | 2.6 targets/g, half-PPR",27,141.8,7.2,94,8,11.0
Chase McLaughlin,K,TB,156.0,132.6,184.1,low,"1.88 FG made/g (0.88 under 40 @3pt, 0.35 @4pt, 0.65 @5pt) | 1.88 XP made/g",9,151.0,5.0,95,8,
David Njoku,TE,Chargers,78.0,58.5,99.9,medium,"4.7 targets/g, 68% catch rate, 6.0 yds/target",12,73.7,4.3,96,8,7.0
Jacory Croskey-Merritt,RB,Commanders,146.0,92.0,207.3,high,"12.7 carries/g x 4.10 YPC | 2.5 targets/g, half-PPR",28,141.8,4.2,97,9,7.0
Harrison Mevis,K,LAR,154.9,131.6,182.7,low,"1.33 FG made/g (0.67 under 40 @3pt, 0.56 @4pt, 0.11 @5pt) | 4.33 XP made/g",10,151.0,3.9,98,9,
Jake Bates,K,DET,152.0,129.2,179.3,low,"1.59 FG made/g (0.82 under 40 @3pt, 0.53 @4pt, 0.23 @5pt) | 3.18 XP made/g",11,151.0,1.0,99,9,
Xavier Worthy,WR,Chiefs,138.2,103.6,176.9,medium,"6.2 targets/g, 58% catch rate, 8.0 yds/target",28,137.5,0.7,100,9,5.0
Dalton Kincaid,TE,Bills,74.0,46.6,105.1,high,"4.6 targets/g, 68% catch rate, 5.5 yds/target",13,73.7,0.3,101,9,7.0
Bears,DEF,Bears,120.9,90.7,154.8,medium,"Good-tier defense (9.5-win Vegas total) | ~2.7 sacks/g, ~0.90 INT/g, ~20.5 pts allowed/g (no yards-allowed component in this league's DEF rules, unlike Top Teamz)",15,120.9,0.0,102,9,10.0
Broncos,DEF,Broncos,120.9,90.7,154.8,medium,"Good-tier defense (9.5-win Vegas total) | ~2.7 sacks/g, ~0.90 INT/g, ~20.5 pts allowed/g (no yards-allowed component in this league's DEF rules, unlike Top Teamz)",13,120.9,0.0,103,9,10.0
49ers,DEF,49ers,120.9,90.7,154.8,medium,"Good-tier defense (9.5-win Vegas total) | ~2.7 sacks/g, ~0.90 INT/g, ~20.5 pts allowed/g (no yards-allowed component in this league's DEF rules, unlike Top Teamz)",16,120.9,0.0,104,9,8.0
Dak Prescott,QB,Cowboys,270.6,170.5,384.2,high,"37.4 pass att/g x 7.3 YPA, 5.1% TD rate (1pt/25 pass yds here) | 2.5 rush att/g at 3.5 YPC | +5 pts from yardage milestone bonuses",12,270.6,0.0,105,9,14.0
Cowboys,DEF,Cowboys,120.9,90.7,154.8,medium,"Good-tier defense (9.5-win Vegas total) | ~2.7 sacks/g, ~0.90 INT/g, ~20.5 pts allowed/g (no yards-allowed component in this league's DEF rules, unlike Top Teamz)",14,120.9,0.0,106,9,14.0
Jameson Williams,WR,Lions,137.5,103.1,176.0,medium,"5.9 targets/g, 58% catch rate, 8.5 yds/target",29,137.5,0.0,107,9,6.0
Evan Engram,TE,Broncos,73.7,55.2,94.3,medium,"5.0 targets/g, 65% catch rate, 5.5 yds/target",14,73.7,0.0,108,9,10.0
Tony Pollard,RB,Titans,141.8,106.4,181.6,medium,"11.2 carries/g x 3.84 YPC | 2.8 targets/g, half-PPR",29,141.8,0.0,109,10,9.0
Texans,DEF,Texans,120.9,90.7,154.8,medium,"Good-tier defense (9.5-win Vegas total) | ~2.7 sacks/g, ~0.90 INT/g, ~20.5 pts allowed/g (no yards-allowed component in this league's DEF rules, unlike Top Teamz)",11,120.9,0.0,110,10,8.0
Chargers,DEF,Chargers,120.9,90.7,154.8,medium,"Good-tier defense (9.5-win Vegas total) | ~2.7 sacks/g, ~0.90 INT/g, ~20.5 pts allowed/g (no yards-allowed component in this league's DEF rules, unlike Top Teamz)",12,120.9,0.0,111,10,7.0
Chris Boswell,K,PIT,151.0,128.3,178.2,low,"1.59 FG made/g (0.47 under 40 @3pt, 0.59 @4pt, 0.53 @5pt) | 2.47 XP made/g",12,151.0,0.0,112,10,
Courtland Sutton,WR,Broncos,136.3,102.2,174.5,medium,"6.4 targets/g, 58% catch rate, 7.5 yds/target",30,137.5,-1.2,113,10,10.0
Justin Herbert,QB,Chargers,269.3,228.9,317.8,low,"32.9 pass att/g x 7.3 YPA, 4.6% TD rate (1pt/25 pass yds here) | 3.0 rush att/g at 4.0 YPC | +3 pts from yardage milestone bonuses",13,270.6,-1.3,114,10,7.0
Cairo Santos,K,CHI,149.6,127.2,176.6,low,"1.67 FG made/g (0.73 under 40 @3pt, 0.67 @4pt, 0.27 @5pt) | 2.60 XP made/g",13,151.0,-1.4,115,10,
Rhamondre Stevenson,RB,Patriots,140.3,105.2,179.6,medium,"11.4 carries/g x 4.00 YPC | 2.5 targets/g, half-PPR",30,141.8,-1.5,116,10,11.0
Andy Borregales,K,NE,149.0,126.6,175.8,low,"1.59 FG made/g (0.94 under 40 @3pt, 0.41 @4pt, 0.23 @5pt) | 3.12 XP made/g",15,151.0,-2.0,117,10,
Harrison Butker,K,KC,149.0,126.6,175.8,low,"1.94 FG made/g (1.12 under 40 @3pt, 0.53 @4pt, 0.29 @5pt) | 1.82 XP made/g",14,151.0,-2.0,118,10,
Spencer Shrader,K,IND,148.2,111.1,189.7,medium,"2.60 FG made/g (2.00 under 40 @3pt, 0.40 @4pt, 0.20 @5pt) | 2.80 XP made/g",16,151.0,-2.8,119,10,
Rashee Rice,WR,Chiefs,133.7,84.2,189.8,high,"6.7 targets/g, 65% catch rate, 7.0 yds/target",31,137.5,-3.8,120,10,5.0
Matthew Stafford,QB,Rams,265.5,199.1,339.8,medium,"33.6 pass att/g x 7.4 YPA, 5.9% TD rate (1pt/25 pass yds here) | pocket passer, minimal rushing equity | +3 pts from yardage milestone bonuses",14,270.6,-5.1,121,11,11.0
Joey Slye,K,TEN,143.4,121.9,169.2,low,"1.75 FG made/g (0.75 under 40 @3pt, 0.44 @4pt, 0.56 @5pt) | 1.62 XP made/g",17,151.0,-7.6,122,11,
Hunter Henry,TE,Chargers,65.5,41.2,92.9,high,"4.2 targets/g, 68% catch rate, 5.5 yds/target",15,73.7,-8.2,123,11,7.0
Jordan Addison,WR,Vikings,128.7,96.5,164.8,medium,"6.5 targets/g, 62% catch rate, 7.5 yds/target",32,137.5,-8.8,124,11,6.0
C.J. Stroud,QB,Texans,261.5,196.1,334.7,medium,"34.6 pass att/g x 6.8 YPA, 4.2% TD rate (1pt/25 pass yds here) | 3.0 rush att/g at 4.5 YPC",15,270.6,-9.1,125,11,8.0
Jaylen Waddle,WR,Broncos,128.2,96.1,164.0,medium,"6.4 targets/g, 65% catch rate, 7.5 yds/target",33,137.5,-9.3,126,11,10.0
Ben Sauls,K,NYG,138.7,104.0,177.5,medium,"2.67 FG made/g (2.33 under 40 @3pt, 0.33 @4pt, 0.00 @5pt) | 2.33 XP made/g",19,151.0,-12.3,127,11,
Zane Gonzalez,K,ATL,138.7,104.0,177.5,medium,"2.11 FG made/g (0.44 under 40 @3pt, 0.89 @4pt, 0.78 @5pt) | 1.89 XP made/g",18,151.0,-12.3,128,11,
Brandon McManus,K,GB,137.2,116.6,161.9,low,"1.71 FG made/g (1.29 under 40 @3pt, 0.21 @4pt, 0.21 @5pt) | 2.29 XP made/g",20,151.0,-13.8,129,11,
Brock Purdy,QB,49ers,256.3,192.2,328.0,medium,"30.7 pass att/g x 7.8 YPA, 5.3% TD rate (1pt/25 pass yds here) | 2.5 rush att/g at 4.0 YPC",16,270.6,-14.3,130,11,8.0
Evan McPherson,K,CIN,136.0,115.6,160.5,low,"1.47 FG made/g (0.59 under 40 @3pt, 0.59 @4pt, 0.29 @5pt) | 2.41 XP made/g",21,151.0,-15.0,131,11,
Jerry Jeudy,WR,Browns,121.9,76.8,173.0,high,"6.6 targets/g, 60% catch rate, 7.5 yds/target",34,137.5,-15.6,132,11,11.0
Nick Folk,K,NYJ,135.0,114.7,159.3,low,"1.75 FG made/g (0.87 under 40 @3pt, 0.44 @4pt, 0.44 @5pt) | 1.38 XP made/g",22,151.0,-16.0,133,12,
Malik Nabers,WR,Giants,120.6,60.3,193.0,very_high,"8.6 targets/g, 65% catch rate, 8.0 yds/target",35,137.5,-16.9,134,12,8.0
Wil Lutz,K,DEN,134.0,113.9,158.1,low,"1.65 FG made/g (1.24 under 40 @3pt, 0.18 @4pt, 0.23 @5pt) | 2.29 XP made/g",23,151.0,-17.0,135,12,
Graham Gano,K,NYG,132.6,112.7,156.5,low,"1.80 FG made/g (1.40 under 40 @3pt, 0.20 @4pt, 0.20 @5pt) | 1.80 XP made/g",24,151.0,-18.4,136,12,
Commanders,DEF,Commanders,101.3,76.0,129.7,medium,"Average-tier defense (7.5-win Vegas total) | ~2.3 sacks/g, ~0.75 INT/g, ~22.5 pts allowed/g (no yards-allowed component in this league's DEF rules, unlike Top Teamz)",21,120.9,-19.6,137,12,7.0
Giants,DEF,Giants,101.3,76.0,129.7,medium,"Average-tier defense (7.5-win Vegas total) | ~2.3 sacks/g, ~0.75 INT/g, ~22.5 pts allowed/g (no yards-allowed component in this league's DEF rules, unlike Top Teamz)",20,120.9,-19.6,138,12,8.0
Saints,DEF,Saints,101.3,76.0,129.7,medium,"Average-tier defense (7.5-win Vegas total) | ~2.3 sacks/g, ~0.75 INT/g, ~22.5 pts allowed/g (no yards-allowed component in this league's DEF rules, unlike Top Teamz)",23,120.9,-19.6,139,12,8.0
Jaguars,DEF,Jaguars,101.3,76.0,129.7,medium,"Average-tier defense (8.5-win Vegas total) | ~2.3 sacks/g, ~0.75 INT/g, ~22.5 pts allowed/g (no yards-allowed component in this league's DEF rules, unlike Top Teamz)",19,120.9,-19.6,140,12,7.0
Steelers,DEF,Steelers,101.3,76.0,129.7,medium,"Average-tier defense (8.5-win Vegas total) | ~2.3 sacks/g, ~0.75 INT/g, ~22.5 pts allowed/g (no yards-allowed component in this league's DEF rules, unlike Top Teamz)",17,120.9,-19.6,141,12,9.0
Buccaneers,DEF,Buccaneers,101.3,76.0,129.7,medium,"Average-tier defense (8.5-win Vegas total) | ~2.3 sacks/g, ~0.75 INT/g, ~22.5 pts allowed/g (no yards-allowed component in this league's DEF rules, unlike Top Teamz)",25,120.9,-19.6,142,12,10.0
Colts,DEF,Colts,101.3,76.0,129.7,medium,"Average-tier defense (7.5-win Vegas total) | ~2.3 sacks/g, ~0.75 INT/g, ~22.5 pts allowed/g (no yards-allowed component in this league's DEF rules, unlike Top Teamz)",18,120.9,-19.6,143,12,13.0
Panthers,DEF,Panthers,101.3,76.0,129.7,medium,"Average-tier defense (7.5-win Vegas total) | ~2.3 sacks/g, ~0.75 INT/g, ~22.5 pts allowed/g (no yards-allowed component in this league's DEF rules, unlike Top Teamz)",24,120.9,-19.6,144,12,5.0
Vikings,DEF,Vikings,101.3,76.0,129.7,medium,"Average-tier defense (8.5-win Vegas total) | ~2.3 sacks/g, ~0.75 INT/g, ~22.5 pts allowed/g (no yards-allowed component in this league's DEF rules, unlike Top Teamz)",22,120.9,-19.6,145,13,6.0
Trevor Lawrence,QB,Jaguars,250.7,188.0,320.9,medium,"34.0 pass att/g x 6.9 YPA, 3.9% TD rate (1pt/25 pass yds here) | 3.0 rush att/g at 4.0 YPC",17,270.6,-19.9,146,13,7.0
Jordan Love,QB,Packers,250.3,187.7,320.3,medium,"32.3 pass att/g x 7.2 YPA, 4.9% TD rate (1pt/25 pass yds here) | 3.0 rush att/g at 4.0 YPC",18,270.6,-20.3,147,13,11.0
Tank Bigsby,RB,Eagles,121.1,90.8,155.0,medium,"9.9 carries/g x 4.40 YPC | 1.0 targets/g, half-PPR",31,141.8,-20.7,148,13,10.0
Cade Otton,TE,Buccaneers,51.9,38.9,66.4,medium,"3.5 targets/g, 65% catch rate, 5.5 yds/target",16,73.7,-21.8,149,13,10.0
Pat Freiermuth,TE,Steelers,51.3,38.5,65.7,medium,"3.5 targets/g, 65% catch rate, 5.5 yds/target",17,73.7,-22.4,150,13,9.0
Michael Pittman Jr.,WR,Steelers,112.0,84.0,143.4,medium,"6.0 targets/g, 63% catch rate, 7.0 yds/target",36,137.5,-25.5,151,13,9.0
Chig Okonkwo,TE,Titans,47.0,29.6,66.7,high,"3.4 targets/g, 65% catch rate, 6.0 yds/target",18,73.7,-26.7,152,13,9.0
Matt Prater,K,BUF,122.4,104.1,144.5,low,"1.20 FG made/g (0.73 under 40 @3pt, 0.40 @4pt, 0.07 @5pt) | 3.07 XP made/g",25,151.0,-28.6,153,13,
Juwan Johnson,TE,Saints,44.2,27.8,62.8,high,"3.5 targets/g, 62% catch rate, 5.5 yds/target",19,73.7,-29.5,154,13,8.0
Sam Darnold,QB,Seahawks,240.2,180.1,307.4,medium,"31.4 pass att/g x 7.1 YPA, 4.7% TD rate (1pt/25 pass yds here) | 2.0 rush att/g at 3.5 YPC",19,270.6,-30.4,155,13,11.0
Cole Kmet,TE,Bears,42.3,26.7,60.1,high,"3.1 targets/g, 62% catch rate, 5.5 yds/target",20,73.7,-31.4,156,13,10.0
Michael Badgley,K,BUF,117.1,99.5,138.2,low,"1.22 FG made/g (0.44 under 40 @3pt, 0.56 @4pt, 0.22 @5pt) | 2.22 XP made/g",26,151.0,-33.9,157,14,
Jake Moody,K,WSH,117.0,87.8,149.8,medium,"2.11 FG made/g (1.33 under 40 @3pt, 0.56 @4pt, 0.22 @5pt) | 1.67 XP made/g",27,151.0,-34.0,158,14,
Parker Romo,K,ATL,116.6,99.1,137.5,low,"1.57 FG made/g (1.28 under 40 @3pt, 0.14 @4pt, 0.14 @5pt) | 1.71 XP made/g",28,151.0,-34.4,159,14,
Falcons,DEF,Falcons,86.3,64.7,110.5,medium,"Below-average-tier defense (6.5-win Vegas total) | ~2.0 sacks/g, ~0.65 INT/g, ~24.5 pts allowed/g (no yards-allowed component in this league's DEF rules, unlike Top Teamz)",28,120.9,-34.6,160,14,11.0
Titans,DEF,Titans,86.3,64.7,110.5,medium,"Below-average-tier defense (6.5-win Vegas total) | ~2.0 sacks/g, ~0.65 INT/g, ~24.5 pts allowed/g (no yards-allowed component in this league's DEF rules, unlike Top Teamz)",27,120.9,-34.6,161,14,9.0
Browns,DEF,Browns,86.3,64.7,110.5,medium,"Below-average-tier defense (6.5-win Vegas total) | ~2.0 sacks/g, ~0.65 INT/g, ~24.5 pts allowed/g (no yards-allowed component in this league's DEF rules, unlike Top Teamz)",26,120.9,-34.6,162,14,11.0
Jayden Reed,WR,Packers,102.8,77.1,131.6,medium,"5.4 targets/g, 62% catch rate, 7.0 yds/target",37,137.5,-34.7,163,14,11.0
Jake Elliott,K,PHI,116.0,98.6,136.8,low,"1.18 FG made/g (0.53 under 40 @3pt, 0.41 @4pt, 0.23 @5pt) | 2.41 XP made/g",29,151.0,-35.0,164,14,
Jeremiyah Love,RB,Cardinals,105.0,52.5,168.0,very_high,"8.6 carries/g x 4.40 YPC | 2.8 targets/g, half-PPR",32,141.8,-36.8,165,14,14.0
Deebo Samuel,WR,49ers,99.6,74.7,127.5,medium,"5.0 targets/g, 65% catch rate, 6.5 yds/target",38,137.5,-37.9,166,14,8.0
Chris Godwin Jr.,WR,Buccaneers,99.4,74.5,127.2,medium,"5.5 targets/g, 68% catch rate, 6.5 yds/target",39,137.5,-38.1,167,14,10.0
Andre Szmyt,K,CLE,112.0,95.2,132.2,low,"1.41 FG made/g (0.82 under 40 @3pt, 0.29 @4pt, 0.29 @5pt) | 1.47 XP made/g",30,151.0,-39.0,168,14,
Ryan Fitzgerald,K,CAR,111.0,94.4,131.0,low,"1.41 FG made/g (0.82 under 40 @3pt, 0.47 @4pt, 0.12 @5pt) | 1.59 XP made/g",31,151.0,-40.0,169,15,
Isaiah Likely,TE,Ravens,33.3,21.0,47.3,high,"2.4 targets/g, 65% catch rate, 6.0 yds/target",21,73.7,-40.4,170,15,13.0
Tyler Loop,K,BAL,110.1,82.6,141.0,medium,"1.76 FG made/g (1.24 under 40 @3pt, 0.47 @4pt, 0.06 @5pt) | 2.59 XP made/g",32,151.0,-40.9,171,15,
Zach Charbonnet,RB,Seahawks,100.9,50.4,161.4,very_high,"12.7 carries/g x 4.44 YPC | 2.5 targets/g, half-PPR",33,141.8,-40.9,172,15,11.0
Travis Hunter,WR,Jaguars,96.1,60.6,136.5,high,"5.5 targets/g, 62% catch rate, 6.5 yds/target",40,137.5,-41.4,173,15,7.0
Khalil Shakir,WR,Bills,95.9,71.9,122.7,medium,"5.1 targets/g, 68% catch rate, 6.5 yds/target",41,137.5,-41.6,174,15,7.0
Daniel Jones,QB,Colts,228.5,144.0,324.5,high,"30.3 pass att/g x 6.8 YPA, 3.2% TD rate (1pt/25 pass yds here) | 6.0 rush att/g at 4.5 YPC",20,270.6,-42.1,175,15,13.0
Christian Watson,WR,Packers,95.0,71.2,121.5,medium,"4.9 targets/g, 58% catch rate, 8.0 yds/target",42,137.5,-42.5,176,15,11.0
Tyler Allgeier,RB,Cardinals,97.8,61.6,138.9,high,"10.8 carries/g x 4.10 YPC | 0.9 targets/g, half-PPR",34,141.8,-44.0,177,15,14.0
Matthew Golden,WR,Packers,92.7,58.4,131.6,high,"4.9 targets/g, 60% catch rate, 7.0 yds/target",43,137.5,-44.8,178,15,11.0
Josh Downs,WR,Colts,92.0,69.0,117.7,medium,"5.6 targets/g, 68% catch rate, 6.0 yds/target",44,137.5,-45.5,179,15,13.0
Blake Grupe,K,IND,104.8,78.6,134.2,medium,"1.81 FG made/g (1.19 under 40 @3pt, 0.19 @4pt, 0.44 @5pt) | 1.56 XP made/g",33,151.0,-46.2,180,15,
Ja'Tavion Sanders,TE,Panthers,26.0,16.4,36.9,high,"2.5 targets/g, 62% catch rate, 5.5 yds/target",22,73.7,-47.7,181,16,5.0
Noah Fant,TE,Saints,25.7,12.8,41.0,very_high,"2.5 targets/g, 62% catch rate, 5.5 yds/target",24,73.7,-48.0,182,16,8.0
Zach Ertz,TE,Free agent,25.7,12.8,41.1,very_high,"3.0 targets/g, 68% catch rate, 5.5 yds/target",23,73.7,-48.0,183,16,
Cam Skattebo,RB,Giants,93.3,70.0,119.4,medium,"7.5 carries/g x 4.23 YPC | 2.5 targets/g, half-PPR",35,141.8,-48.5,184,16,8.0
Cardinals,DEF,Cardinals,71.9,53.9,92.0,medium,"Poor-tier defense (3.5-win Vegas total) | ~1.7 sacks/g, ~0.55 INT/g, ~27.0 pts allowed/g (no yards-allowed component in this league's DEF rules, unlike Top Teamz)",32,120.9,-49.0,185,16,14.0
Dolphins,DEF,Dolphins,71.9,53.9,92.0,medium,"Poor-tier defense (4.5-win Vegas total) | ~1.7 sacks/g, ~0.55 INT/g, ~27.0 pts allowed/g (no yards-allowed component in this league's DEF rules, unlike Top Teamz)",29,120.9,-49.0,186,16,6.0
Raiders,DEF,Raiders,71.9,53.9,92.0,medium,"Poor-tier defense (5.5-win Vegas total) | ~1.7 sacks/g, ~0.55 INT/g, ~27.0 pts allowed/g (no yards-allowed component in this league's DEF rules, unlike Top Teamz)",31,120.9,-49.0,187,16,13.0
Jets,DEF,Jets,71.9,53.9,92.0,medium,"Poor-tier defense (5.5-win Vegas total) | ~1.7 sacks/g, ~0.55 INT/g, ~27.0 pts allowed/g (no yards-allowed component in this league's DEF rules, unlike Top Teamz)",30,120.9,-49.0,188,16,13.0
Jaxson Dart,QB,Giants,221.5,110.7,354.3,very_high,"30.3 pass att/g x 6.5 YPA, 3.0% TD rate (1pt/25 pass yds here) | 6.0 rush att/g at 5.0 YPC",21,270.6,-49.1,189,16,8.0
RJ Harvey,RB,Broncos,92.4,58.2,131.2,high,"7.6 carries/g x 4.30 YPC | 2.5 targets/g, half-PPR",36,141.8,-49.4,190,16,10.0
Tyreek Hill,WR,Free agent,87.8,43.9,140.5,very_high,"6.0 targets/g, 62% catch rate, 8.5 yds/target",45,137.5,-49.7,191,16,
Riley Patterson,K,MIA,100.9,75.7,129.2,medium,"1.59 FG made/g (0.77 under 40 @3pt, 0.65 @4pt, 0.18 @5pt) | 2.00 XP made/g",34,151.0,-50.1,192,16,
Cooper Kupp,WR,Seahawks,86.2,64.7,110.3,medium,"4.9 targets/g, 68% catch rate, 6.5 yds/target",46,137.5,-51.3,193,17,11.0
Chad Ryland,K,ARI,99.4,74.6,127.3,medium,"1.47 FG made/g (0.71 under 40 @3pt, 0.41 @4pt, 0.35 @5pt) | 2.12 XP made/g",35,151.0,-51.6,194,17,
Bryce Young,QB,Panthers,218.2,137.5,309.8,high,"31.3 pass att/g x 6.5 YPA, 3.3% TD rate (1pt/25 pass yds here) | 4.0 rush att/g at 4.0 YPC",22,270.6,-52.4,195,17,5.0
Najee Harris,RB,Chargers,89.2,56.2,126.7,high,"8.2 carries/g x 4.00 YPC | 1.9 targets/g, half-PPR",37,141.8,-52.6,196,17,7.0
Calvin Ridley,WR,Titans,83.9,52.8,119.1,high,"4.8 targets/g, 60% catch rate, 7.5 yds/target",47,137.5,-53.6,197,17,9.0
Luke Musgrave,TE,Packers,19.9,9.9,31.8,very_high,"2.0 targets/g, 60% catch rate, 5.5 yds/target",25,73.7,-53.8,198,17,11.0
Geno Smith,QB,Jets,216.5,162.3,277.1,medium,"34.0 pass att/g x 6.8 YPA, 3.0% TD rate (1pt/25 pass yds here) | 2.0 rush att/g at 3.5 YPC",23,270.6,-54.1,199,17,13.0
Jonnu Smith,TE,Free agent,19.0,9.5,30.4,very_high,"3.0 targets/g, 65% catch rate, 5.5 yds/target",26,73.7,-54.7,200,17,
Brenton Strange,TE,Jaguars,17.9,9.0,28.7,very_high,"2.0 targets/g, 60% catch rate, 5.5 yds/target",27,73.7,-55.8,201,17,7.0
Harold Fannin Jr.,TE,Browns,17.9,8.9,28.6,very_high,"2.0 targets/g, 60% catch rate, 5.5 yds/target",28,73.7,-55.8,202,17,11.0
Mason Taylor,TE,Giants,17.8,8.9,28.5,very_high,"2.0 targets/g, 60% catch rate, 5.5 yds/target",29,73.7,-55.9,203,17,8.0
Joshua Karty,K,ARI,94.2,70.7,120.6,medium,"1.25 FG made/g (0.75 under 40 @3pt, 0.38 @4pt, 0.12 @5pt) | 2.88 XP made/g",36,151.0,-56.8,204,17,
Matthew Wright,K,HOU,93.5,79.5,110.3,low,"1.25 FG made/g (0.50 under 40 @3pt, 0.75 @4pt, 0.00 @5pt) | 1.00 XP made/g",37,151.0,-57.5,205,18,
Jauan Jennings,WR,Vikings,79.4,59.5,101.6,medium,"4.5 targets/g, 65% catch rate, 6.5 yds/target",48,137.5,-58.1,206,18,6.0
Rashod Bateman,WR,Ravens,77.4,58.1,99.1,medium,"4.4 targets/g, 62% catch rate, 7.0 yds/target",49,137.5,-60.1,207,18,13.0
Terrance Ferguson,TE,Rams,12.1,6.0,19.3,very_high,"1.5 targets/g, 58% catch rate, 5.5 yds/target",30,73.7,-61.6,208,18,11.0
Elijah Arroyo,TE,Seahawks,11.4,5.7,18.3,very_high,"1.5 targets/g, 58% catch rate, 5.5 yds/target",31,73.7,-62.3,209,18,11.0
Gunnar Helm,TE,Titans,10.9,5.4,17.4,very_high,"1.5 targets/g, 58% catch rate, 5.5 yds/target",32,73.7,-62.8,210,18,9.0
Brian Robinson,RB,Falcons,78.7,49.6,111.7,high,"7.7 carries/g x 4.00 YPC | 1.5 targets/g, half-PPR",38,141.8,-63.1,211,18,11.0
Tyler Shough,QB,Saints,207.0,130.4,294.0,high,"32.3 pass att/g x 6.8 YPA, 3.3% TD rate (1pt/25 pass yds here) | 3.0 rush att/g at 4.0 YPC",24,270.6,-63.6,212,18,8.0
Wan'Dale Robinson,WR,Titans,73.3,54.9,93.8,medium,"4.8 targets/g, 68% catch rate, 6.0 yds/target",50,137.5,-64.2,213,18,9.0
Marvin Mims Jr.,WR,Broncos,72.1,45.4,102.4,high,"4.0 targets/g, 60% catch rate, 7.5 yds/target",51,137.5,-65.4,214,18,10.0
Cam Ward,QB,Titans,204.5,102.3,327.3,very_high,"31.0 pass att/g x 6.5 YPA, 2.7% TD rate (1pt/25 pass yds here) | 4.0 rush att/g at 4.5 YPC",25,270.6,-66.1,215,18,9.0
Matt Gay,K,LV,83.4,62.6,106.8,medium,"1.42 FG made/g (1.42 under 40 @3pt, 0.00 @4pt, 0.00 @5pt) | 2.17 XP made/g",38,151.0,-67.6,216,18,
Isiah Pacheco,RB,Lions,72.7,45.8,103.3,high,"8.5 carries/g x 4.13 YPC | 1.5 targets/g, half-PPR",39,141.8,-69.1,217,19,6.0
Romeo Doubs,WR,Patriots,64.7,48.5,82.8,medium,"3.9 targets/g, 60% catch rate, 6.5 yds/target",52,137.5,-72.8,218,19,11.0
Alvin Kamara,RB,Saints,68.5,34.3,109.7,very_high,"5.9 carries/g x 4.00 YPC | 3.5 targets/g, half-PPR",40,141.8,-73.3,219,19,8.0
Rachaad White,RB,Commanders,68.4,43.1,97.1,high,"5.9 carries/g x 3.90 YPC | 2.5 targets/g, half-PPR",41,141.8,-73.4,220,19,7.0
Christian Kirk,WR,Texans,61.5,46.1,78.7,medium,"4.0 targets/g, 65% catch rate, 6.5 yds/target",53,137.5,-76.0,221,19,8.0
Kirk Cousins,QB,Raiders,192.7,121.4,273.6,high,"34.0 pass att/g x 6.8 YPA, 2.9% TD rate (1pt/25 pass yds here) | pocket passer, minimal rushing equity",26,270.6,-77.9,222,19,13.0
Younghoe Koo,K,NYJ,71.5,53.6,91.5,medium,"1.00 FG made/g (0.67 under 40 @3pt, 0.33 @4pt, 0.00 @5pt) | 2.17 XP made/g",39,151.0,-79.5,223,19,
Rashid Shaheed,WR,Seahawks,57.7,36.3,81.9,high,"3.4 targets/g, 62% catch rate, 7.5 yds/target",54,137.5,-79.8,224,19,11.0
Marquise Brown,WR,Eagles,55.0,34.6,78.1,high,"3.4 targets/g, 60% catch rate, 7.0 yds/target",55,137.5,-82.5,225,19,10.0
Rico Dowdle,RB,Steelers,58.4,36.8,83.0,high,"6.0 carries/g x 4.10 YPC | 1.5 targets/g, half-PPR",42,141.8,-83.4,226,19,9.0
Darnell Mooney,WR,Giants,50.8,32.0,72.2,high,"3.5 targets/g, 60% catch rate, 6.5 yds/target",56,137.5,-86.7,227,19,8.0
Kyler Murray,QB,Vikings,183.7,91.8,293.9,very_high,"30.0 pass att/g x 6.9 YPA, 3.8% TD rate (1pt/25 pass yds here) | 6.0 rush att/g at 5.0 YPC",27,270.6,-86.9,228,19,6.0
Adonai Mitchell,WR,Jets,50.5,31.8,71.7,high,"3.6 targets/g, 58% catch rate, 7.0 yds/target",57,137.5,-87.0,229,20,13.0
Daniel Carlson,K,LV,60.6,38.2,86.0,high,"1.29 FG made/g (0.65 under 40 @3pt, 0.35 @4pt, 0.29 @5pt) | 1.24 XP made/g",40,151.0,-90.4,230,20,
Blake Corum,RB,Rams,51.3,32.3,72.8,high,"5.6 carries/g x 4.10 YPC | 1.1 targets/g, half-PPR",43,141.8,-90.5,231,20,11.0
Devin Singletary,RB,Giants,50.9,32.1,72.3,high,"4.7 carries/g x 3.84 YPC | 2.0 targets/g, half-PPR",44,141.8,-90.9,232,20,8.0
Aaron Rodgers,QB,Steelers,176.7,111.3,250.9,high,"32.0 pass att/g x 6.9 YPA, 4.0% TD rate (1pt/25 pass yds here) | pocket passer, minimal rushing equity",28,270.6,-93.9,233,20,9.0
Keenan Allen,WR,Free agent,43.2,21.6,69.1,very_high,"4.5 targets/g, 68% catch rate, 6.5 yds/target",58,137.5,-94.3,234,20,
Ray Davis,RB,Bills,46.2,29.1,65.7,high,"5.3 carries/g x 4.03 YPC | 1.1 targets/g, half-PPR",45,141.8,-95.6,235,20,7.0
Jayden Higgins,WR,Texans,40.6,25.6,57.6,high,"3.0 targets/g, 60% catch rate, 6.5 yds/target",59,137.5,-96.9,236,20,8.0
Keon Coleman,WR,Bills,39.3,24.7,55.7,high,"3.1 targets/g, 58% catch rate, 6.5 yds/target",60,137.5,-98.2,237,20,7.0
Jack Bech,WR,Raiders,38.9,24.5,55.2,high,"3.1 targets/g, 60% catch rate, 6.0 yds/target",61,137.5,-98.6,238,20,13.0
Tyjae Spears,RB,Titans,42.9,27.0,60.9,high,"4.3 carries/g x 3.84 YPC | 1.9 targets/g, half-PPR",46,141.8,-98.9,239,20,9.0
Austin Ekeler,RB,Free agent,42.6,21.3,68.2,very_high,"4.0 carries/g x 3.80 YPC | 3.0 targets/g, half-PPR",47,141.8,-99.2,240,20,
Elic Ayomanor,WR,Titans,37.7,23.7,53.5,high,"2.9 targets/g, 58% catch rate, 6.5 yds/target",62,137.5,-99.8,241,21,9.0
Quentin Johnston,WR,Chargers,37.4,23.6,53.1,high,"2.8 targets/g, 58% catch rate, 7.0 yds/target",63,137.5,-100.1,242,21,7.0
Xavier Legette,WR,Panthers,36.9,23.3,52.4,high,"3.0 targets/g, 58% catch rate, 6.5 yds/target",64,137.5,-100.6,243,21,5.0
Jerome Ford,RB,Browns,39.3,24.7,55.8,high,"4.3 carries/g x 3.65 YPC | 2.0 targets/g, half-PPR",48,141.8,-102.5,244,21,11.0
Stefon Diggs,WR,Free agent,32.8,16.4,52.4,very_high,"4.0 targets/g, 62% catch rate, 6.5 yds/target",65,137.5,-104.7,245,21,
Zamir White,RB,Raiders,37.0,23.3,52.6,high,"4.5 carries/g x 3.94 YPC | 1.0 targets/g, half-PPR",49,141.8,-104.8,246,21,13.0
Jaydon Blue,RB,Cowboys,36.5,18.3,58.4,very_high,"4.2 carries/g x 4.03 YPC | 1.6 targets/g, half-PPR",50,141.8,-105.3,247,21,14.0
Jaylen Wright,RB,Dolphins,36.3,22.9,51.6,high,"4.4 carries/g x 3.94 YPC | 1.0 targets/g, half-PPR",51,141.8,-105.5,248,21,6.0
Dontayvion Wicks,WR,Eagles,30.7,19.4,43.6,high,"2.5 targets/g, 58% catch rate, 6.5 yds/target",66,137.5,-106.8,249,21,10.0
Tua Tagovailoa,QB,Falcons,163.1,102.7,231.6,high,"31.6 pass att/g x 7.2 YPA, 3.6% TD rate (1pt/25 pass yds here) | 1.5 rush att/g at 3.0 YPC",29,270.6,-107.5,250,21,11.0
Isaac Guerendo,RB,49ers,34.2,17.1,54.8,very_high,"4.3 carries/g x 4.30 YPC | 1.0 targets/g, half-PPR",52,141.8,-107.6,251,21,8.0
Kenneth Gainwell,RB,Buccaneers,33.9,16.9,54.2,very_high,"4.0 carries/g x 3.90 YPC | 1.5 targets/g, half-PPR",53,141.8,-107.9,252,21,10.0
Kyle Williams,WR,Patriots,29.3,14.6,46.8,very_high,"2.5 targets/g, 58% catch rate, 6.0 yds/target",67,137.5,-108.2,253,22,11.0
Tre Harris,WR,Chargers,29.1,14.5,46.5,very_high,"2.4 targets/g, 58% catch rate, 6.5 yds/target",68,137.5,-108.4,254,22,7.0
Jacoby Brissett,QB,Cardinals,162.0,102.1,230.1,high,"30.9 pass att/g x 6.4 YPA, 2.4% TD rate (1pt/25 pass yds here) | 3.0 rush att/g at 3.5 YPC",30,270.6,-108.6,255,22,14.0
Jonathon Brooks,RB,Panthers,31.6,15.8,50.6,very_high,"4.9 carries/g x 3.90 YPC | 1.5 targets/g, half-PPR",54,141.8,-110.2,256,22,5.0
Justice Hill,RB,Ravens,31.4,15.7,50.2,very_high,"3.2 carries/g x 4.03 YPC | 1.5 targets/g, half-PPR",55,141.8,-110.4,257,22,13.0
Kaleb Johnson,RB,Steelers,29.3,14.6,46.8,very_high,"4.0 carries/g x 4.00 YPC | 1.0 targets/g, half-PPR",56,141.8,-112.5,258,22,9.0
James Conner,RB,Cardinals,28.0,17.7,39.8,high,"4.0 carries/g x 4.00 YPC | 0.9 targets/g, half-PPR",57,141.8,-113.8,259,22,14.0
Gus Edwards,RB,Uncertain,27.6,13.8,44.2,very_high,"4.0 carries/g x 4.10 YPC | 0.5 targets/g, half-PPR",58,141.8,-114.2,260,22,
Isaac TeSlaa,WR,Lions,23.2,11.6,37.1,very_high,"2.0 targets/g, 60% catch rate, 6.0 yds/target",69,137.5,-114.3,261,22,6.0
Braelon Allen,RB,Jets,27.4,13.7,43.9,very_high,"3.6 carries/g x 3.94 YPC | 1.0 targets/g, half-PPR",59,141.8,-114.4,262,22,13.0
Jalen Coker,WR,Panthers,22.9,11.4,36.6,very_high,"2.0 targets/g, 58% catch rate, 6.0 yds/target",70,137.5,-114.6,263,22,5.0
Diontae Johnson,WR,Free agent,19.6,9.8,31.4,very_high,"3.0 targets/g, 62% catch rate, 6.0 yds/target",71,137.5,-117.9,264,22,
Trey Benson,RB,Cardinals,23.3,11.6,37.2,very_high,"3.6 carries/g x 4.00 YPC | 0.9 targets/g, half-PPR",60,141.8,-118.5,265,23,14.0
Tank Dell,WR,Texans,18.8,9.4,30.1,very_high,"2.0 targets/g, 60% catch rate, 6.0 yds/target",72,137.5,-118.7,266,23,8.0
Josh Reynolds,WR,Uncertain,18.7,9.4,30.0,very_high,"2.0 targets/g, 58% catch rate, 6.0 yds/target",73,137.5,-118.8,267,23,
Demario Douglas,WR,Patriots,17.9,8.9,28.6,very_high,"2.0 targets/g, 60% catch rate, 5.5 yds/target",74,137.5,-119.6,268,23,11.0
Ty Chandler,RB,Vikings,21.7,10.9,34.7,very_high,"3.0 carries/g x 4.00 YPC | 1.0 targets/g, half-PPR",61,141.8,-120.1,269,23,6.0
Roschon Johnson,RB,Bears,21.5,10.8,34.4,very_high,"3.1 carries/g x 3.90 YPC | 1.1 targets/g, half-PPR",62,141.8,-120.3,270,23,10.0
Emmett Johnson,RB,Chiefs,20.8,10.4,33.3,very_high,"3.2 carries/g x 3.93 YPC | 1.1 targets/g, half-PPR",63,141.8,-121.0,271,23,5.0
Woody Marks,RB,Texans,19.8,9.9,31.7,very_high,"3.1 carries/g x 4.00 YPC | 1.0 targets/g, half-PPR",64,141.8,-122.0,272,23,8.0
Miles Sanders,RB,Cowboys,19.5,9.8,31.3,very_high,"3.1 carries/g x 3.93 YPC | 1.1 targets/g, half-PPR",65,141.8,-122.3,273,23,14.0
Kimani Vidal,RB,Chargers,19.4,9.7,31.1,very_high,"3.1 carries/g x 4.00 YPC | 0.9 targets/g, half-PPR",66,141.8,-122.4,274,23,7.0
Ricky Pearsall,WR,49ers,13.6,6.8,21.7,very_high,"3.0 targets/g, 60% catch rate, 6.5 yds/target",75,137.5,-123.9,275,23,8.0
Ollie Gordon II,RB,Dolphins,17.1,8.5,27.3,very_high,"2.6 carries/g x 3.84 YPC | 1.0 targets/g, half-PPR",67,141.8,-124.7,276,23,6.0
Dylan Sampson,RB,Browns,16.9,8.5,27.1,very_high,"2.6 carries/g x 3.84 YPC | 1.0 targets/g, half-PPR",68,141.8,-124.9,277,24,11.0
Deshaun Watson,QB,Browns,145.7,72.9,233.1,very_high,"31.6 pass att/g x 6.5 YPA, 2.9% TD rate (1pt/25 pass yds here) | 4.0 rush att/g at 4.0 YPC",31,270.6,-124.9,278,24,11.0
Curtis Samuel,WR,Free agent,12.5,6.2,20.0,very_high,"2.5 targets/g, 60% catch rate, 5.5 yds/target",76,137.5,-125.0,279,24,
Jalin Hyatt,WR,Uncertain,12.1,6.1,19.4,very_high,"1.5 targets/g, 58% catch rate, 6.0 yds/target",77,137.5,-125.4,280,24,
Jordan Mason,RB,Vikings,15.8,7.9,25.3,very_high,"3.0 carries/g x 4.10 YPC | 0.5 targets/g, half-PPR",69,141.8,-126.0,281,24,6.0
Skyy Moore,WR,Packers,11.4,5.7,18.3,very_high,"1.5 targets/g, 58% catch rate, 5.5 yds/target",78,137.5,-126.1,282,24,11.0
Devin Neal,RB,Uncertain,11.0,5.5,17.6,very_high,"2.0 carries/g x 3.90 YPC | 1.0 targets/g, half-PPR",70,141.8,-130.8,283,24,
J.J. McCarthy,QB,Vikings,103.3,51.6,165.3,very_high,"28.0 pass att/g x 6.7 YPA, 3.3% TD rate (1pt/25 pass yds here) | 4.0 rush att/g at 4.5 YPC",32,270.6,-167.3,284,24,6.0
Michael Penix Jr.,QB,Falcons,73.1,36.6,117.0,very_high,"28.6 pass att/g x 7.0 YPA, 3.6% TD rate (1pt/25 pass yds here) | 2.0 rush att/g at 3.5 YPC",33,270.6,-197.5,285,24,11.0
Anthony Richardson Sr.,QB,Colts,35.6,17.8,57.0,very_high,"18.2 pass att/g x 6.5 YPA, 3.2% TD rate (1pt/25 pass yds here) | 7.0 rush att/g at 5.0 YPC",34,270.6,-235.0,286,24,13.0
Russell Wilson,QB,Giants,34.2,17.1,54.8,very_high,"22.2 pass att/g x 6.7 YPA, 2.9% TD rate (1pt/25 pass yds here) | 1.5 rush att/g at 3.0 YPC",35,270.6,-236.4,287,24,8.0
Justin Fields,QB,Chiefs,26.6,13.3,42.5,very_high,"18.5 pass att/g x 6.2 YPA, 3.4% TD rate (1pt/25 pass yds here) | 8.0 rush att/g at 5.5 YPC",36,270.6,-244.0,288,24,5.0
Fernando Mendoza,QB,Raiders,23.7,11.8,37.9,very_high,"18.5 pass att/g x 6.5 YPA, 2.6% TD rate (1pt/25 pass yds here) | 3.0 rush att/g at 4.5 YPC",37,270.6,-246.9,289,25,13.0
