season,round,pick_in_round,overall_pick,player_name,team_name_raw
2019,1,1,1,Saquon Barkley,Ron Mexico's...
2019,1,2,2,Christian McCaffrey,DruDru Smith...
2019,1,3,3,Alvin Kamara,Futt Bumble
2019,1,4,4,Ezekiel Elliott,By The Beard...
2019,1,5,5,Julio Jones,Gates of Wrath
2019,1,6,6,David Johnson,Can You Digg...
2019,1,7,7,DeAndre Hopkins,White Lightning
2019,1,8,8,Davante Adams,Davante's ...
2019,1,9,9,Le'Veon Bell,Me-Cole Horny
2019,1,10,10,Dalvin Cook,Pop Lockett ...
2019,1,11,11,Tyreek Hill,Surrender Yo...
2019,1,12,12,Odell Beckham Jr.,Catalina Win...
2019,2,1,13,Joe Mixon,Catalina Win...
2019,2,2,14,Michael Thomas,Surrender Yo...
2019,2,3,15,JuJu Smith-Schuster,Pop Lockett ...
2019,2,4,16,Antonio Brown,Me-Cole Horny
2019,2,5,17,Todd Gurley,Davante's ...
2019,2,6,18,Damien Williams,White Lightning
2019,2,7,19,Travis Kelce,Can You Digg...
2019,2,8,20,Mike Evans,Gates of Wrath
2019,2,9,21,Leonard Fournette,By The Beard...
2019,2,10,22,George Kittle,Futt Bumble
2019,2,11,23,Keenan Allen,DruDru Smith...
2019,2,12,24,Amari Cooper,Ron Mexico's...
2019,3,1,25,Aaron Jones Sr.,Ron Mexico's...
2019,3,2,26,Kerryon Johnson,DruDru Smith...
2019,3,3,27,Devonta Freeman,Futt Bumble
2019,3,4,28,Adam Thielen,By The Beard...
2019,3,5,29,Robert Woods,Gates of Wrath
2019,3,6,30,Stefon Diggs,Can You Digg...
2019,3,7,31,Zach Ertz,White Lightning
2019,3,8,32,Josh Jacobs,Davante's ...
2019,3,9,33,Derrick Henry,Me-Cole Horny
2019,3,10,34,Marlon Mack,Pop Lockett ...
2019,3,11,35,Chris Carson,Surrender Yo...
2019,3,12,36,Chris Godwin Jr.,Catalina Win...
2019,4,1,37,David Montgomery,Catalina Win...
2019,4,2,38,Mark Ingram II,Surrender Yo...
2019,4,3,39,Brandin Cooks,Pop Lockett ...
2019,4,4,40,Patrick Mahomes,Me-Cole Horny
2019,4,5,41,Sony Michel,Davante's ...
2019,4,6,42,Julian Edelman,White Lightning
2019,4,7,43,T.Y. Hilton,Can You Digg...
2019,4,8,44,Tevin Coleman,Gates of Wrath
2019,4,9,45,Cooper Kupp,By The Beard...
2019,4,10,46,Deshaun Watson,Futt Bumble
2019,4,11,47,Tyler Boyd,DruDru Smith...
2019,4,12,48,Melvin Gordon III,Ron Mexico's...
2019,5,1,49,Josh Gordon,Ron Mexico's...
2019,5,2,50,O.J. Howard,DruDru Smith...
2019,5,3,51,Allen Robinson,Futt Bumble
2019,5,4,52,Austin Ekeler,By The Beard...
2019,5,5,53,DJ Moore,Gates of Wrath
2019,5,6,54,Phillip Lindsay,Can You Digg...
2019,5,7,55,James White,White Lightning
2019,5,8,56,Robbie Chosen,Davante's ...
2019,5,9,57,Miles Sanders,Me-Cole Horny
2019,5,10,58,Duke Johnson,Pop Lockett ...
2019,5,11,59,Latavius Murray,Surrender Yo...
2019,5,12,60,Christian Kirk,Catalina Win...
2019,6,1,61,Dede Westbrook,Catalina Win...
2019,6,2,62,Alshon Jeffery,Surrender Yo...
2019,6,3,63,Evan Engram,Pop Lockett ...
2019,6,4,64,Calvin Ridley,Me-Cole Horny
2019,6,5,65,Tarik Cohen,Davante's ...
2019,6,6,66,Aaron Rodgers,White Lightning
2019,6,7,67,Jarvis Landry,Can You Digg...
2019,6,8,68,A.J. Green,Gates of Wrath
2019,6,9,69,Hunter Henry,By The Beard...
2019,6,10,70,Curtis Samuel,Futt Bumble
2019,6,11,71,Matt Ryan,DruDru Smith...
2019,6,12,72,Baker Mayfield,Ron Mexico's...
2019,7,1,73,Corey Davis,Ron Mexico's...
2019,7,2,74,Marvin Jones Jr.,DruDru Smith...
2019,7,3,75,Royce Freeman,Futt Bumble
2019,7,4,76,Derrius Guice,By The Beard...
2019,7,5,77,Jared Cook,Gates of Wrath
2019,7,6,78,Kenyan Drake,Can You Digg...
2019,7,7,79,Sterling Shepard,White Lightning
2019,7,8,80,Rashaad Penny,Davante's ...
2019,7,9,81,Kyler Murray,Me-Cole Horny
2019,7,10,82,Cam Newton,Pop Lockett ...
2019,7,11,83,Matt Breida,Surrender Yo...
2019,7,12,84,Darrell Henderson Jr.,Catalina Win...
2019,8,1,85,Will Fuller V,Catalina Win...
2019,8,2,86,Vance McDonald,Surrender Yo...
2019,8,3,87,Larry Fitzgerald,Pop Lockett ...
2019,8,4,88,Mark Andrews,Me-Cole Horny
2019,8,5,89,Dante Pettis,Davante's ...
2019,8,6,90,Emmanuel Sanders,White Lightning
2019,8,7,91,Sammy Watkins,Can You Digg...
2019,8,8,92,Michael Gallup,Gates of Wrath
2019,8,9,93,Lamar Jackson,By The Beard...
2019,8,10,94,Bears,Futt Bumble
2019,8,11,95,Donte Moncrief,DruDru Smith...
2019,8,12,96,David Njoku,Ron Mexico's...
2019,9,1,97,Marquez Valdes-Scantling,Ron Mexico's...
2019,9,2,98,Jordan Howard,DruDru Smith...
2019,9,3,99,Greg Zuerlein,Futt Bumble
2019,9,4,100,Kalen Ballage,By The Beard...
2019,9,5,101,Carson Wentz,Gates of Wrath
2019,9,6,102,Russell Wilson,Can You Digg...
2019,9,7,103,LeSean McCoy,White Lightning
2019,9,8,104,DeSean Jackson,Davante's ...
2019,9,9,105,Hollywood Brown,Me-Cole Horny
2019,9,10,106,Peyton Barber,Pop Lockett ...
2019,9,11,107,Geronimo Allison,Surrender Yo...
2019,9,12,108,Courtland Sutton,Catalina Win...
2019,10,1,109,Jamison Crowder,Catalina Win...
2019,10,2,110,Darwin Thompson,Surrender Yo...
2019,10,3,111,Kareem Hunt,Pop Lockett ...
2019,10,4,112,Rams,Me-Cole Horny
2019,10,5,113,Keke Coutee,Davante's ...
2019,10,6,114,Jared Goff,White Lightning
2019,10,7,115,John Brown,Can You Digg...
2019,10,8,116,Anthony Miller,Gates of Wrath
2019,10,9,117,Kenny Golladay,By The Beard...
2019,10,10,118,Jameis Winston,Futt Bumble
2019,10,11,119,Mike Williams,DruDru Smith...
2019,10,12,120,Tyrell Williams,Ron Mexico's...
2019,11,1,121,Dion Lewis,Ron Mexico's...
2019,11,2,122,Delanie Walker,DruDru Smith...
2019,11,3,123,Austin Hooper,Futt Bumble
2019,11,4,124,Golden Tate,By The Beard...
2019,11,5,125,Tony Pollard,Gates of Wrath
2019,11,6,126,Trey Burton,Can You Digg...
2019,11,7,127,Marquise Goodwin,White Lightning
2019,11,8,128,Malcolm Brown,Davante's ...
2019,11,9,129,Nick Chubb,Me-Cole Horny
2019,11,10,130,Nyheim Miller-Hines,Pop Lockett ...
2019,11,11,131,Justin Jackson,Surrender Yo...
2019,11,12,132,Drew Brees,Catalina Win...
2019,12,1,133,T.J. Hockenson,Catalina Win...
2019,12,2,134,Josh Allen,Surrender Yo...
2019,12,3,135,Tyler Lockett,Pop Lockett ...
2019,12,4,136,Devin Singletary,Me-Cole Horny
2019,12,5,137,Eric Ebron,Davante's ...
2019,12,6,138,Ito Smith,White Lightning
2019,12,7,139,Adrian Peterson,Can You Digg...
2019,12,8,140,Jaylen Samuels,Gates of Wrath
2019,12,9,141,James Washington,By The Beard...
2019,12,10,142,Kyle Rudolph,Futt Bumble
2019,12,11,143,Ronald Jones,DruDru Smith...
2019,12,12,144,Ty Montgomery II,Ron Mexico's...
2019,13,1,145,N'Keal Harry,Ron Mexico's...
2019,13,2,146,Lamar Miller,DruDru Smith...
2019,13,3,147,Devin Funchess,Futt Bumble
2019,13,4,148,Deebo Samuel Sr.,By The Beard...
2019,13,5,149,James Conner,Gates of Wrath
2019,13,6,150,Kenny Stills,Can You Digg...
2019,13,7,151,Harrison Butker,White Lightning
2019,13,8,152,Tom Brady,Davante's ...
2019,13,9,153,Justin Tucker,Me-Cole Horny
2019,13,10,154,Ravens,Pop Lockett ...
2019,13,11,155,Alexander Mattison,Surrender Yo...
2019,13,12,156,Mike Davis,Catalina Win...
2019,14,1,157,Darren Waller,Catalina Win...
2019,14,2,158,Jaguars,Surrender Yo...
2019,14,3,159,Stephen Gostkowski,Pop Lockett ...
2019,14,4,160,Mecole Hardman Jr.,Me-Cole Horny
2019,14,5,161,Justice Hill,Davante's ...
2019,14,6,162,Vikings,White Lightning
2019,14,7,163,Chargers,Can You Digg...
2019,14,8,164,Damien Harris,Gates of Wrath
2019,14,9,165,Cowboys,By The Beard...
2019,14,10,166,Browns,Futt Bumble
2019,14,11,167,Wil Lutz,DruDru Smith...
2019,14,12,168,Ka'imi Fairbairn,Ron Mexico's...
2019,15,1,169,Patriots,Ron Mexico's...
2019,15,2,170,Texans,DruDru Smith...
2019,15,3,171,Jamaal Williams,Futt Bumble
2019,15,4,172,Mason Crosby,By The Beard...
2019,15,5,173,Giovani Bernard,Gates of Wrath
2019,15,6,174,Jake Elliott,Can You Digg...
2019,15,7,175,Jalen Richard,White Lightning
2019,15,8,176,DaeSean Hamilton,Davante's ...
2019,15,9,177,KeeSean Johnson,Me-Cole Horny
2019,15,10,178,Adam Humphries,Pop Lockett ...
2019,15,11,179,Jerick McKinnon,Surrender Yo...
2019,15,12,180,Saints,Catalina Win...
2020,1,1,1,Christian McCaffrey,DruDru Smith...
2020,1,2,2,Saquon Barkley,Late to the ...
2020,1,3,3,Ezekiel Elliott,Zeke and Des...
2020,1,4,4,Derrick Henry,Tractorcito ...
2020,1,5,5,Dalvin Cook,Surrender Yo...
2020,1,6,6,Alvin Kamara,Keenan and o...
2020,1,7,7,Michael Thomas,By The Beard...
2020,1,8,8,Clyde Edwards-Helaire,Password Is ...
2020,1,9,9,Josh Jacobs,Wet Ass Pigeons
2020,1,10,10,Davante Adams,Ron Mexico's...
2020,1,11,11,Kenyan Drake,Baby got Dak
2020,1,12,12,Joe Mixon,Holla at ya ...
2020,2,1,13,Austin Ekeler,Holla at ya ...
2020,2,2,14,Nick Chubb,Baby got Dak
2020,2,3,15,Tyreek Hill,Ron Mexico's...
2020,2,4,16,Aaron Jones Sr.,Wet Ass Pigeons
2020,2,5,17,Miles Sanders,Password Is ...
2020,2,6,18,Travis Kelce,By The Beard...
2020,2,7,19,James Conner,Keenan and o...
2020,2,8,20,Julio Jones,Surrender Yo...
2020,2,9,21,Chris Godwin Jr.,Tractorcito ...
2020,2,10,22,George Kittle,Zeke and Des...
2020,2,11,23,DeAndre Hopkins,Late to the ...
2020,2,12,24,Allen Robinson,DruDru Smith...
2020,3,1,25,Patrick Mahomes,DruDru Smith...
2020,3,2,26,Adam Thielen,Late to the ...
2020,3,3,27,Chris Carson,Zeke and Des...
2020,3,4,28,Kenny Golladay,Tractorcito ...
2020,3,5,29,David Johnson,Surrender Yo...
2020,3,6,30,Odell Beckham Jr.,Keenan and o...
2020,3,7,31,Lamar Jackson,By The Beard...
2020,3,8,32,DJ Moore,Password Is ...
2020,3,9,33,JuJu Smith-Schuster,Wet Ass Pigeons
2020,3,10,34,Melvin Gordon III,Ron Mexico's...
2020,3,11,35,Mike Evans,Baby got Dak
2020,3,12,36,Jonathan Taylor,Holla at ya ...
2020,4,1,37,Cooper Kupp,Holla at ya ...
2020,4,2,38,Amari Cooper,Baby got Dak
2020,4,3,39,Mark Ingram II,Ron Mexico's...
2020,4,4,40,A.J. Brown,Wet Ass Pigeons
2020,4,5,41,Cam Akers,Password Is ...
2020,4,6,42,Todd Gurley,By The Beard...
2020,4,7,43,Raheem Mostert,Keenan and o...
2020,4,8,44,Mark Andrews,Surrender Yo...
2020,4,9,45,Le'Veon Bell,Tractorcito ...
2020,4,10,46,Robert Woods,Zeke and Des...
2020,4,11,47,Terry McLaurin,Late to the ...
2020,4,12,48,Zach Ertz,DruDru Smith...
2020,5,1,49,Tyler Lockett,DruDru Smith...
2020,5,2,50,D'Andre Swift,Late to the ...
2020,5,3,51,Calvin Ridley,Zeke and Des...
2020,5,4,52,Leonard Fournette,Tractorcito ...
2020,5,5,53,DJ Chark,Surrender Yo...
2020,5,6,54,Keenan Allen,Keenan and o...
2020,5,7,55,DK Metcalf,By The Beard...
2020,5,8,56,Kyler Murray,Password Is ...
2020,5,9,57,Courtland Sutton,Wet Ass Pigeons
2020,5,10,58,Russell Wilson,Ron Mexico's...
2020,5,11,59,Dak Prescott,Baby got Dak
2020,5,12,60,T.Y. Hilton,Holla at ya ...
2020,6,1,61,Tyler Boyd,Holla at ya ...
2020,6,2,62,Tyler Higbee,Baby got Dak
2020,6,3,63,Michael Gallup,Ron Mexico's...
2020,6,4,64,A.J. Green,Wet Ass Pigeons
2020,6,5,65,Hollywood Brown,Password Is ...
2020,6,6,66,Antonio Gibson,By The Beard...
2020,6,7,67,Stefon Diggs,Keenan and o...
2020,6,8,68,DeVante Parker,Surrender Yo...
2020,6,9,69,Deshaun Watson,Tractorcito ...
2020,6,10,70,David Montgomery,Zeke and Des...
2020,6,11,71,Matt Ryan,Late to the ...
2020,6,12,72,Ronald Jones,DruDru Smith...
2020,7,1,73,Will Fuller V,DruDru Smith...
2020,7,2,74,Jared Cook,Late to the ...
2020,7,3,75,Julian Edelman,Zeke and Des...
2020,7,4,76,J.K. Dobbins,Tractorcito ...
2020,7,5,77,Jordan Howard,Surrender Yo...
2020,7,6,78,Evan Engram,Keenan and o...
2020,7,7,79,James White,By The Beard...
2020,7,8,80,Jarvis Landry,Password Is ...
2020,7,9,81,Noah Fant,Wet Ass Pigeons
2020,7,10,82,Zack Moss,Ron Mexico's...
2020,7,11,83,Matt Breida,Baby got Dak
2020,7,12,84,Jamison Crowder,Holla at ya ...
2020,8,1,85,Kerryon Johnson,Holla at ya ...
2020,8,2,86,Marvin Jones Jr.,Baby got Dak
2020,8,3,87,Darren Waller,Ron Mexico's...
2020,8,4,88,Diontae Johnson,Wet Ass Pigeons
2020,8,5,89,CeeDee Lamb,Password Is ...
2020,8,6,90,Phillip Lindsay,By The Beard...
2020,8,7,91,Matthew Stafford,Keenan and o...
2020,8,8,92,Brandin Cooks,Surrender Yo...
2020,8,9,93,Hunter Henry,Tractorcito ...
2020,8,10,94,Chris Thompson,Zeke and Des...
2020,8,11,95,49ers,Late to the ...
2020,8,12,96,Ravens,DruDru Smith...
2020,9,1,97,Justin Tucker,DruDru Smith...
2020,9,2,98,Wil Lutz,Late to the ...
2020,9,3,99,Sterling Shepard,Zeke and Des...
2020,9,4,100,Christian Kirk,Tractorcito ...
2020,9,5,101,Josh Allen,Surrender Yo...
2020,9,6,102,Latavius Murray,Keenan and o...
2020,9,7,103,Rob Gronkowski,By The Beard...
2020,9,8,104,Jerry Jeudy,Password Is ...
2020,9,9,105,Brandon Aiyuk,Wet Ass Pigeons
2020,9,10,106,Steelers,Ron Mexico's...
2020,9,11,107,Darius Slayton,Baby got Dak
2020,9,12,108,Anthony Miller,Holla at ya ...
2020,10,1,109,Carson Wentz,Holla at ya ...
2020,10,2,110,Kareem Hunt,Baby got Dak
2020,10,3,111,Sony Michel,Ron Mexico's...
2020,10,4,112,Daniel Jones,Wet Ass Pigeons
2020,10,5,113,Alexander Mattison,Password Is ...
2020,10,6,114,Tarik Cohen,By The Beard...
2020,10,7,115,Henry Ruggs III,Keenan and o...
2020,10,8,116,Chase Edmonds,Surrender Yo...
2020,10,9,117,John Brown,Tractorcito ...
2020,10,10,118,Larry Fitzgerald,Zeke and Des...
2020,10,11,119,Drew Brees,Late to the ...
2020,10,12,120,Ben Roethlisberger,DruDru Smith...
2020,11,1,121,Hayden Hurst,DruDru Smith...
2020,11,2,122,Mike Gesicki,Late to the ...
2020,11,3,123,Boston Scott,Zeke and Des...
2020,11,4,124,Tevin Coleman,Tractorcito ...
2020,11,5,125,Parris Campbell,Surrender Yo...
2020,11,6,126,Mecole Hardman Jr.,Keenan and o...
2020,11,7,127,Allen Lazard,By The Beard...
2020,11,8,128,Joshua Kelley,Password Is ...
2020,11,9,129,Devine Ozigbo,Wet Ass Pigeons
2020,11,10,130,Mike Williams,Ron Mexico's...
2020,11,11,131,N'Keal Harry,Baby got Dak
2020,11,12,132,Austin Hooper,Holla at ya ...
2020,12,1,133,Darrell Henderson Jr.,Holla at ya ...
2020,12,2,134,Emmanuel Sanders,Baby got Dak
2020,12,3,135,Preston Williams,Ron Mexico's...
2020,12,4,136,Will Dissly,Wet Ass Pigeons
2020,12,5,137,Benny Snell Jr.,Password Is ...
2020,12,6,138,DeSean Jackson,By The Beard...
2020,12,7,139,Jonnu Smith,Keenan and o...
2020,12,8,140,Devin Singletary,Surrender Yo...
2020,12,9,141,Marlon Mack,Tractorcito ...
2020,12,10,142,Tony Pollard,Zeke and Des...
2020,12,11,143,Blake Jarwin,Late to the ...
2020,12,12,144,T.J. Hockenson,DruDru Smith...
2020,13,1,145,Adrian Peterson,DruDru Smith...
2020,13,2,146,Golden Tate,Late to the ...
2020,13,3,147,Tom Brady,Zeke and Des...
2020,13,4,148,Joe Burrow,Tractorcito ...
2020,13,5,149,AJ Dillon,Surrender Yo...
2020,13,6,150,Harrison Butker,Keenan and o...
2020,13,7,151,Deebo Samuel Sr.,By The Beard...
2020,13,8,152,Van Jefferson,Password Is ...
2020,13,9,153,Josh Gordon,Wet Ass Pigeons
2020,13,10,154,Duke Johnson,Ron Mexico's...
2020,13,11,155,Brian Hill,Baby got Dak
2020,13,12,156,Bills,Holla at ya ...
2020,14,1,157,Chris Herndon,Holla at ya ...
2020,14,2,158,Greg Zuerlein,Baby got Dak
2020,14,3,159,Cam Newton,Ron Mexico's...
2020,14,4,160,Eagles,Wet Ass Pigeons
2020,14,5,161,Eric Ebron,Password Is ...
2020,14,6,162,Patriots,By The Beard...
2020,14,7,163,Jared Goff,Keenan and o...
2020,14,8,164,Justin Jefferson,Surrender Yo...
2020,14,9,165,Saints,Tractorcito ...
2020,14,10,166,Robbie Gould,Zeke and Des...
2020,14,11,167,Damien Harris,Late to the ...
2020,14,12,168,Curtis Samuel,DruDru Smith...
2020,15,1,169,Bears,DruDru Smith...
2020,15,2,170,Vikings,Late to the ...
2020,15,3,171,Chargers,Zeke and Des...
2020,15,4,172,Matt Prater,Tractorcito ...
2020,15,5,173,Chiefs,Surrender Yo...
2020,15,6,174,Titans,Keenan and o...
2020,15,7,175,Michael Badgley,By The Beard...
2020,15,8,176,Colts,Password Is ...
2020,15,9,177,Jake Elliott,Wet Ass Pigeons
2020,15,10,178,Sammy Watkins,Ron Mexico's...
2020,15,11,179,Buccaneers,Baby got Dak
2020,15,12,180,Jalen Reagor,Holla at ya ...
2021,1,1,1,Christian McCaffrey,JP'Marrgan...
2021,1,2,2,Dalvin Cook,COOKie Monstah
2021,1,3,3,Alvin Kamara,Cobra Kyler
2021,1,4,4,Derrick Henry,By The Beard...
2021,1,5,5,Ezekiel Elliott,Zeke and Des...
2021,1,6,6,Saquon Barkley,Full Cort Pr...
2021,1,7,7,Jonathan Taylor,DruDru Smith...
2021,1,8,8,Aaron Jones Sr.,Surrender Yo...
2021,1,9,9,Nick Chubb,The Slim Reaper
2021,1,10,10,Davante Adams,Password Is ...
2021,1,11,11,Tyreek Hill,A-A-Ron
2021,1,12,12,Stefon Diggs,Ron Mexico's...
2021,2,1,13,Travis Kelce,Ron Mexico's...
2021,2,2,14,Austin Ekeler,A-A-Ron
2021,2,3,15,Najee Harris,Password Is ...
2021,2,4,16,Antonio Gibson,The Slim Reaper
2021,2,5,17,Calvin Ridley,Surrender Yo...
2021,2,6,18,Joe Mixon,DruDru Smith...
2021,2,7,19,DeAndre Hopkins,Full Cort Pr...
2021,2,8,20,Allen Robinson,Zeke and Des...
2021,2,9,21,Clyde Edwards-Helaire,By The Beard...
2021,2,10,22,DK Metcalf,Cobra Kyler
2021,2,11,23,A.J. Brown,COOKie Monstah
2021,2,12,24,Terry McLaurin,JP'Marrgan...
2021,3,1,25,Chris Carson,JP'Marrgan...
2021,3,2,26,Keenan Allen,COOKie Monstah
2021,3,3,27,Josh Jacobs,Cobra Kyler
2021,3,4,28,Darren Waller,By The Beard...
2021,3,5,29,George Kittle,Zeke and Des...
2021,3,6,30,David Montgomery,Full Cort Pr...
2021,3,7,31,CeeDee Lamb,DruDru Smith...
2021,3,8,32,Amari Cooper,Surrender Yo...
2021,3,9,33,Robert Woods,The Slim Reaper
2021,3,10,34,Miles Sanders,Password Is ...
2021,3,11,35,Gus Edwards,A-A-Ron
2021,3,12,36,Patrick Mahomes,Ron Mexico's...
2021,4,1,37,Mike Evans,Ron Mexico's...
2021,4,2,38,James Robinson,A-A-Ron
2021,4,3,39,Chris Godwin Jr.,Password Is ...
2021,4,4,40,Kyle Pitts Sr.,The Slim Reaper
2021,4,5,41,D'Andre Swift,Surrender Yo...
2021,4,6,42,DJ Moore,DruDru Smith...
2021,4,7,43,Adam Thielen,Full Cort Pr...
2021,4,8,44,Raheem Mostert,Zeke and Des...
2021,4,9,45,Cooper Kupp,By The Beard...
2021,4,10,46,Julio Jones,Cobra Kyler
2021,4,11,47,Josh Allen,COOKie Monstah
2021,4,12,48,Diontae Johnson,JP'Marrgan...
2021,5,1,49,Trey Sermon,JP'Marrgan...
2021,5,2,50,Mike Davis,COOKie Monstah
2021,5,3,51,Kyler Murray,Cobra Kyler
2021,5,4,52,Tyler Lockett,By The Beard...
2021,5,5,53,Myles Gaskin,Zeke and Des...
2021,5,6,54,Mark Andrews,Full Cort Pr...
2021,5,7,55,Brandon Aiyuk,DruDru Smith...
2021,5,8,56,Javonte Williams,Surrender Yo...
2021,5,9,57,Jerry Jeudy,The Slim Reaper
2021,5,10,58,Odell Beckham Jr.,Password Is ...
2021,5,11,59,Tee Higgins,A-A-Ron
2021,5,12,60,Chase Claypool,Ron Mexico's...
2021,6,1,61,Chase Edmonds,Ron Mexico's...
2021,6,2,62,Logan Thomas,A-A-Ron
2021,6,3,63,Melvin Gordon III,Password Is ...
2021,6,4,64,Courtland Sutton,The Slim Reaper
2021,6,5,65,Lamar Jackson,Surrender Yo...
2021,6,6,66,JuJu Smith-Schuster,DruDru Smith...
2021,6,7,67,Deebo Samuel Sr.,Full Cort Pr...
2021,6,8,68,Brandin Cooks,Zeke and Des...
2021,6,9,69,Russell Wilson,By The Beard...
2021,6,10,70,Robbie Chosen,Cobra Kyler
2021,6,11,71,Tyler Boyd,COOKie Monstah
2021,6,12,72,Antonio Brown,JP'Marrgan...
2021,7,1,73,Ja'Marr Chase,JP'Marrgan...
2021,7,2,74,James Conner,COOKie Monstah
2021,7,3,75,Ronald Jones,Cobra Kyler
2021,7,4,76,Kenny Golladay,By The Beard...
2021,7,5,77,Tom Brady,Zeke and Des...
2021,7,6,78,Dak Prescott,Full Cort Pr...
2021,7,7,79,Sony Michel,DruDru Smith...
2021,7,8,80,Tyler Higbee,Surrender Yo...
2021,7,9,81,DeVonta Smith,The Slim Reaper
2021,7,10,82,Leonard Fournette,Password Is ...
2021,7,11,83,Aaron Rodgers,A-A-Ron
2021,7,12,84,Corey Davis,Ron Mexico's...
2021,8,1,85,Nyheim Miller-Hines,Ron Mexico's...
2021,8,2,86,Marquez Callaway,A-A-Ron
2021,8,3,87,Michael Pittman Jr.,Password Is ...
2021,8,4,88,Michael Thomas,The Slim Reaper
2021,8,5,89,AJ Dillon,Surrender Yo...
2021,8,6,90,Laviska Shenault Jr.,DruDru Smith...
2021,8,7,91,Marvin Jones Jr.,Full Cort Pr...
2021,8,8,92,Russell Gage Jr.,Zeke and Des...
2021,8,9,93,Curtis Samuel,By The Beard...
2021,8,10,94,Noah Fant,Cobra Kyler
2021,8,11,95,Jamaal Williams,COOKie Monstah
2021,8,12,96,Dallas Goedert,JP'Marrgan...
2021,9,1,97,Justin Herbert,JP'Marrgan...
2021,9,2,98,Robert Tonyan,COOKie Monstah
2021,9,3,99,Michael Gallup,Cobra Kyler
2021,9,4,100,Phillip Lindsay,By The Beard...
2021,9,5,101,Darnell Mooney,Zeke and Des...
2021,9,6,102,Zack Moss,Full Cort Pr...
2021,9,7,103,Michael Carter,DruDru Smith...
2021,9,8,104,Will Fuller V,Surrender Yo...
2021,9,9,105,Jakobi Meyers,The Slim Reaper
2021,9,10,106,Jaylen Waddle,Password Is ...
2021,9,11,107,DJ Chark,A-A-Ron
2021,9,12,108,Mike Williams,Ron Mexico's...
2021,10,1,109,Devin Singletary,Ron Mexico's...
2021,10,2,110,J.K. Dobbins,A-A-Ron
2021,10,3,111,Elijah Moore,Password Is ...
2021,10,4,112,Jalen Hurts,The Slim Reaper
2021,10,5,113,Cam Akers,Surrender Yo...
2021,10,6,114,Trevor Lawrence,DruDru Smith...
2021,10,7,115,Hollywood Brown,Full Cort Pr...
2021,10,8,116,Tony Pollard,Zeke and Des...
2021,10,9,117,Kenyan Drake,By The Beard...
2021,10,10,118,Kareem Hunt,Cobra Kyler
2021,10,11,119,Jarvis Landry,COOKie Monstah
2021,10,12,120,Giovani Bernard,JP'Marrgan...
2021,11,1,121,Mecole Hardman Jr.,JP'Marrgan...
2021,11,2,122,Alexander Mattison,COOKie Monstah
2021,11,3,123,Cole Beasley,Cobra Kyler
2021,11,4,124,Rhamondre Stevenson,By The Beard...
2021,11,5,125,Trey Lance,Zeke and Des...
2021,11,6,126,Parris Campbell,Full Cort Pr...
2021,11,7,127,Emmanuel Sanders,DruDru Smith...
2021,11,8,128,Ty'Son Williams,Surrender Yo...
2021,11,9,129,Ty Johnson,The Slim Reaper
2021,11,10,130,Tevin Coleman,Password Is ...
2021,11,11,131,David Johnson,A-A-Ron
2021,11,12,132,Nelson Agholor,Ron Mexico's...
2021,12,1,133,Tyrell Williams,Ron Mexico's...
2021,12,2,134,Evan Engram,A-A-Ron
2021,12,3,135,James White,Password Is ...
2021,12,4,136,Buccaneers,The Slim Reaper
2021,12,5,137,Mike Gesicki,Surrender Yo...
2021,12,6,138,T.J. Hockenson,DruDru Smith...
2021,12,7,139,Rams,Full Cort Pr...
2021,12,8,140,Damien Williams,Zeke and Des...
2021,12,9,141,Jalen Reagor,By The Beard...
2021,12,10,142,Darrel Williams,Cobra Kyler
2021,12,11,143,DeVante Parker,COOKie Monstah
2021,12,12,144,Darrell Henderson Jr.,JP'Marrgan...
2021,13,1,145,Terrace Marshall Jr.,JP'Marrgan...
2021,13,2,146,Jonnu Smith,COOKie Monstah
2021,13,3,147,Hunter Henry,Cobra Kyler
2021,13,4,148,Travis Etienne Jr.,By The Beard...
2021,13,5,149,--empty--,Zeke and Des...
2021,13,6,150,Cole Kmet,Full Cort Pr...
2021,13,7,151,Sterling Shepard,DruDru Smith...
2021,13,8,152,Rondale Moore,Surrender Yo...
2021,13,9,153,Marquez Valdes-Scantling,The Slim Reaper
2021,13,10,154,49ers,Password Is ...
2021,13,11,155,Matthew Stafford,A-A-Ron
2021,13,12,156,Mac Jones,Ron Mexico's...
2021,14,1,157,Boston Scott,Ron Mexico's...
2021,14,2,158,A.J. Green,A-A-Ron
2021,14,3,159,Ryan Tannehill,Password Is ...
2021,14,4,160,Wayne Gallman,The Slim Reaper
2021,14,5,161,Justin Jefferson,Surrender Yo...
2021,14,6,162,Jamison Crowder,DruDru Smith...
2021,14,7,163,Damien Harris,Full Cort Pr...
2021,14,8,164,Randall Cobb,Zeke and Des...
2021,14,9,165,Rashaad Penny,By The Beard...
2021,14,10,166,Le'Veon Bell,Cobra Kyler
2021,14,11,167,Joe Burrow,COOKie Monstah
2021,14,12,168,Commanders,JP'Marrgan...
2021,15,1,169,Justin Fields,JP'Marrgan...
2021,15,2,170,Steelers,COOKie Monstah
2021,15,3,171,Ravens,Cobra Kyler
2021,15,4,172,Broncos,By The Beard...
2021,15,5,173,Chuba Hubbard,Zeke and Des...
2021,15,6,174,Kenny Gainwell,Full Cort Pr...
2021,15,7,175,Chiefs,DruDru Smith...
2021,15,8,176,Tua Tagovailoa,Surrender Yo...
2021,15,9,177,T.Y. Hilton,The Slim Reaper
2021,15,10,178,Gerald Everett,Password Is ...
2021,15,11,179,Rob Gronkowski,A-A-Ron
2021,15,12,180,Browns,Ron Mexico's...
2022,1,1,1,Jonathan Taylor,Taylor Gang
2022,1,2,2,Christian McCaffrey,Pitt's Creek
2022,1,3,3,Austin Ekeler,Running Up T...
2022,1,4,4,Derrick Henry,Oh Henry!
2022,1,5,5,Justin Jefferson,Mitchell & Ness
2022,1,6,6,Ja'Marr Chase,Ron Mexico's...
2022,1,7,7,Cooper Kupp,Surrender Yo...
2022,1,8,8,Dalvin Cook,Smokin Doubs
2022,1,9,9,Joe Mixon,By The Beard...
2022,1,10,10,D'Andre Swift,Password Is ...
2022,1,11,11,Najee Harris,Najee by Nature
2022,1,12,12,Stefon Diggs,Full Cort Pr...
2022,2,1,13,Saquon Barkley,Full Cort Pr...
2022,2,2,14,Alvin Kamara,Najee by Nature
2022,2,3,15,Davante Adams,Password Is ...
2022,2,4,16,Javonte Williams,By The Beard...
2022,2,5,17,Nick Chubb,Smokin Doubs
2022,2,6,18,Leonard Fournette,Surrender Yo...
2022,2,7,19,Aaron Jones Sr.,Ron Mexico's...
2022,2,8,20,Travis Kelce,Mitchell & Ness
2022,2,9,21,James Conner,Oh Henry!
2022,2,10,22,Tyreek Hill,Running Up T...
2022,2,11,23,Michael Pittman Jr.,Pitt's Creek
2022,2,12,24,Mike Evans,Taylor Gang
2022,3,1,25,Mark Andrews,Taylor Gang
2022,3,2,26,Kyle Pitts Sr.,Pitt's Creek
2022,3,3,27,A.J. Brown,Running Up T...
2022,3,4,28,CeeDee Lamb,Oh Henry!
2022,3,5,29,Elijah Mitchell,Mitchell & Ness
2022,3,6,30,Ezekiel Elliott,Ron Mexico's...
2022,3,7,31,Deebo Samuel Sr.,Surrender Yo...
2022,3,8,32,Keenan Allen,Smokin Doubs
2022,3,9,33,DJ Moore,By The Beard...
2022,3,10,34,Chase Edmonds,Password Is ...
2022,3,11,35,Tee Higgins,Najee by Nature
2022,3,12,36,Courtland Sutton,Full Cort Pr...
2022,4,1,37,Dameon Pierce,Full Cort Pr...
2022,4,2,38,Mike Williams,Najee by Nature
2022,4,3,39,Allen Robinson,Password Is ...
2022,4,4,40,Terry McLaurin,By The Beard...
2022,4,5,41,Jaylen Waddle,Smokin Doubs
2022,4,6,42,AJ Dillon,Surrender Yo...
2022,4,7,43,Darren Waller,Ron Mexico's...
2022,4,8,44,Breece Hall,Mitchell & Ness
2022,4,9,45,Josh Allen,Oh Henry!
2022,4,10,46,Jerry Jeudy,Running Up T...
2022,4,11,47,Josh Jacobs,Pitt's Creek
2022,4,12,48,David Montgomery,Taylor Gang
2022,5,1,49,JuJu Smith-Schuster,Taylor Gang
2022,5,2,50,Amon-Ra St. Brown,Pitt's Creek
2022,5,3,51,Diontae Johnson,Running Up T...
2022,5,4,52,Brandin Cooks,Oh Henry!
2022,5,5,53,Brandon Aiyuk,Mitchell & Ness
2022,5,6,54,DK Metcalf,Ron Mexico's...
2022,5,7,55,Gabe Davis,Surrender Yo...
2022,5,8,56,Damien Harris,Smokin Doubs
2022,5,9,57,Lamar Jackson,By The Beard...
2022,5,10,58,George Kittle,Password Is ...
2022,5,11,59,Chris Godwin Jr.,Najee by Nature
2022,5,12,60,Rashaad Penny,Full Cort Pr...
2022,6,1,61,Justin Herbert,Full Cort Pr...
2022,6,2,62,Dalton Schultz,Najee by Nature
2022,6,3,63,Rhamondre Stevenson,Password Is ...
2022,6,4,64,Michael Thomas,By The Beard...
2022,6,5,65,Hunter Renfrow,Smokin Doubs
2022,6,6,66,Darnell Mooney,Surrender Yo...
2022,6,7,67,Clyde Edwards-Helaire,Ron Mexico's...
2022,6,8,68,Rashod Bateman,Mitchell & Ness
2022,6,9,69,Cordarrelle Patterson,Oh Henry!
2022,6,10,70,Devin Singletary,Running Up T...
2022,6,11,71,Adam Thielen,Pitt's Creek
2022,6,12,72,Patrick Mahomes,Taylor Gang
2022,7,1,73,Miles Sanders,Taylor Gang
2022,7,2,74,Allen Lazard,Pitt's Creek
2022,7,3,75,Antonio Gibson,Running Up T...
2022,7,4,76,Amari Cooper,Oh Henry!
2022,7,5,77,Drake London,Mitchell & Ness
2022,7,6,78,Robert Woods,Ron Mexico's...
2022,7,7,79,Kyler Murray,Surrender Yo...
2022,7,8,80,Dallas Goedert,Smokin Doubs
2022,7,9,81,Kareem Hunt,By The Beard...
2022,7,10,82,Darrell Henderson Jr.,Password Is ...
2022,7,11,83,DeVonta Smith,Najee by Nature
2022,7,12,84,T.J. Hockenson,Full Cort Pr...
2022,8,1,85,DeAndre Hopkins,Full Cort Pr...
2022,8,2,86,Melvin Gordon III,Najee by Nature
2022,8,3,87,Trey Lance,Password Is ...
2022,8,4,88,George Pickens,By The Beard...
2022,8,5,89,Tom Brady,Smokin Doubs
2022,8,6,90,Christian Kirk,Surrender Yo...
2022,8,7,91,Bills,Ron Mexico's...
2022,8,8,92,James Cook III,Mitchell & Ness
2022,8,9,93,Kadarius Toney,Oh Henry!
2022,8,10,94,Dak Prescott,Running Up T...
2022,8,11,95,Kenneth Walker III,Pitt's Creek
2022,8,12,96,Tyler Lockett,Taylor Gang
2022,9,1,97,Nyheim Miller-Hines,Taylor Gang
2022,9,2,98,Chris Olave,Pitt's Creek
2022,9,3,99,Pat Freiermuth,Running Up T...
2022,9,4,100,Cole Kmet,Oh Henry!
2022,9,5,101,Russell Wilson,Mitchell & Ness
2022,9,6,102,Michael Carter,Ron Mexico's...
2022,9,7,103,Zach Ertz,Surrender Yo...
2022,9,8,104,Alexander Mattison,Smokin Doubs
2022,9,9,105,Albert Okwuegbunam Jr.,By The Beard...
2022,9,10,106,James Robinson,Password Is ...
2022,9,11,107,Kenny Gainwell,Najee by Nature
2022,9,12,108,David Njoku,Full Cort Pr...
2022,10,1,109,Hollywood Brown,Full Cort Pr...
2022,10,2,110,Skyy Moore,Najee by Nature
2022,10,3,111,Elijah Moore,Password Is ...
2022,10,4,112,Jahan Dotson,By The Beard...
2022,10,5,113,J.K. Dobbins,Smokin Doubs
2022,10,6,114,Cam Akers,Surrender Yo...
2022,10,7,115,DeVante Parker,Ron Mexico's...
2022,10,8,116,Zamir White,Mitchell & Ness
2022,10,9,117,Tony Pollard,Oh Henry!
2022,10,10,118,Chase Claypool,Running Up T...
2022,10,11,119,Jalen Hurts,Pitt's Creek
2022,10,12,120,Khalil Herbert,Taylor Gang
2022,11,1,121,Isaiah McKenzie,Taylor Gang
2022,11,2,122,Treylon Burks,Pitt's Creek
2022,11,3,123,Raheem Mostert,Running Up T...
2022,11,4,124,Julio Jones,Oh Henry!
2022,11,5,125,Jameson Williams,Mitchell & Ness
2022,11,6,126,Jamaal Williams,Ron Mexico's...
2022,11,7,127,Tyler Allgeier,Surrender Yo...
2022,11,8,128,Romeo Doubs,Smokin Doubs
2022,11,9,129,J.D. McKissic,By The Beard...
2022,11,10,130,Marquez Valdes-Scantling,Password Is ...
2022,11,11,131,Jakobi Meyers,Najee by Nature
2022,11,12,132,Isiah Pacheco,Full Cort Pr...
2022,12,1,133,Nico Collins,Full Cort Pr...
2022,12,2,134,Rondale Moore,Najee by Nature
2022,12,3,135,DJ Chark,Password Is ...
2022,12,4,136,Joshua Palmer,By The Beard...
2022,12,5,137,Dawson Knox,Smokin Doubs
2022,12,6,138,Rachaad White,Surrender Yo...
2022,12,7,139,Darrel Williams,Ron Mexico's...
2022,12,8,140,Garrett Wilson,Mitchell & Ness
2022,12,9,141,K.J. Osborn,Oh Henry!
2022,12,10,142,Jalen Tolbert,Running Up T...
2022,12,11,143,Kyren Williams,Pitt's Creek
2022,12,12,144,Tyler Boyd,Taylor Gang
2022,13,1,145,Hunter Henry,Taylor Gang
2022,13,2,146,Eno Benjamin,Pitt's Creek
2022,13,3,147,Russell Gage Jr.,Running Up T...
2022,13,4,148,Tyrion Davis-Price,Oh Henry!
2022,13,5,149,Van Jefferson,Mitchell & Ness
2022,13,6,150,Mac Jones,Ron Mexico's...
2022,13,7,151,Brian Robinson,Surrender Yo...
2022,13,8,152,Matthew Stafford,Smokin Doubs
2022,13,9,153,Travis Etienne Jr.,By The Beard...
2022,13,10,154,Isaiah Spiller,Password Is ...
2022,13,11,155,49ers,Najee by Nature
2022,13,12,156,Buccaneers,Full Cort Pr...
2022,14,1,157,Alec Pierce,Full Cort Pr...
2022,14,2,158,Joe Burrow,Najee by Nature
2022,14,3,159,Broncos,Password Is ...
2022,14,4,160,Tyler Badie,By The Beard...
2022,14,5,161,Colts,Smokin Doubs
2022,14,6,162,Michael Gallup,Surrender Yo...
2022,14,7,163,Christian Watson,Ron Mexico's...
2022,14,8,164,Logan Thomas,Mitchell & Ness
2022,14,9,165,Ameer Abdullah,Oh Henry!
2022,14,10,166,Mike Gesicki,Running Up T...
2022,14,11,167,D'Onta Foreman,Pitt's Creek
2022,14,12,168,Mecole Hardman Jr.,Taylor Gang
2022,15,1,169,Parris Campbell,Taylor Gang
2022,15,2,170,Saints,Pitt's Creek
2022,15,3,171,Rams,Running Up T...
2022,15,4,172,Browns,Oh Henry!
2022,15,5,173,Aaron Rodgers,Mitchell & Ness
2022,15,6,174,A.J. Green,Ron Mexico's...
2022,15,7,175,Irv Smith Jr.,Surrender Yo...
2022,15,8,176,Wan'Dale Robinson,Smokin Doubs
2022,15,9,177,Ravens,By The Beard...
2022,15,10,178,Calvin Ridley,Password Is ...
2022,15,11,179,Noah Fant,Najee by Nature
2022,15,12,180,Derek Carr,Full Cort Pr...
2023,1,1,1,Justin Jefferson,By The Beard...
2023,1,2,2,Christian McCaffrey,Surrender Yo...
2023,1,3,3,Ja'Marr Chase,Ron Mexico's...
2023,1,4,4,Tyreek Hill,Password Is ...
2023,1,5,5,Austin Ekeler,Ayahuasca Ac...
2023,1,6,6,Bijan Robinson,AppleBijan's
2023,1,7,7,Nick Chubb,Broken Hot C...
2023,1,8,8,Saquon Barkley,Full Cort Pr...
2023,1,9,9,Derrick Henry,Praise the S...
2023,1,10,10,Stefon Diggs,1.21 Diggawa...
2023,1,11,11,Travis Kelce,Carol Had A ...
2023,1,12,12,A.J. Brown,Hakuna Mailata
2023,2,1,13,Jalen Hurts,Hakuna Mailata
2023,2,2,14,CeeDee Lamb,Carol Had A ...
2023,2,3,15,Josh Jacobs,1.21 Diggawa...
2023,2,4,16,Amon-Ra St. Brown,Praise the S...
2023,2,5,17,Jaylen Waddle,Full Cort Pr...
2023,2,6,18,Davante Adams,Broken Hot C...
2023,2,7,19,Chris Olave,AppleBijan's
2023,2,8,20,DeVonta Smith,Ayahuasca Ac...
2023,2,9,21,Tee Higgins,Password Is ...
2023,2,10,22,Cooper Kupp,Ron Mexico's...
2023,2,11,23,Amari Cooper,Surrender Yo...
2023,2,12,24,Rhamondre Stevenson,By The Beard...
2023,3,1,25,Travis Etienne Jr.,By The Beard...
2023,3,2,26,Joe Mixon,Surrender Yo...
2023,3,3,27,Patrick Mahomes,Ron Mexico's...
2023,3,4,28,Jahmyr Gibbs,Password Is ...
2023,3,5,29,Josh Allen,Ayahuasca Ac...
2023,3,6,30,Dameon Pierce,AppleBijan's
2023,3,7,31,Aaron Jones Sr.,Broken Hot C...
2023,3,8,32,DK Metcalf,Full Cort Pr...
2023,3,9,33,Kenneth Walker III,Praise the S...
2023,3,10,34,Mark Andrews,1.21 Diggawa...
2023,3,11,35,Najee Harris,Carol Had A ...
2023,3,12,36,Javonte Williams,Hakuna Mailata
2023,4,1,37,Breece Hall,Hakuna Mailata
2023,4,2,38,Lamar Jackson,Carol Had A ...
2023,4,3,39,Keenan Allen,1.21 Diggawa...
2023,4,4,40,Darren Waller,Praise the S...
2023,4,5,41,Drake London,Full Cort Pr...
2023,4,6,42,Deebo Samuel Sr.,Broken Hot C...
2023,4,7,43,Brandon Aiyuk,AppleBijan's
2023,4,8,44,Alexander Mattison,Ayahuasca Ac...
2023,4,9,45,Diontae Johnson,Password Is ...
2023,4,10,46,J.K. Dobbins,Ron Mexico's...
2023,4,11,47,DJ Moore,Surrender Yo...
2023,4,12,48,Justin Fields,By The Beard...
2023,5,1,49,George Kittle,By The Beard...
2023,5,2,50,T.J. Hockenson,Surrender Yo...
2023,5,3,51,Christian Kirk,Ron Mexico's...
2023,5,4,52,Miles Sanders,Password Is ...
2023,5,5,53,Christian Watson,Ayahuasca Ac...
2023,5,6,54,David Montgomery,AppleBijan's
2023,5,7,55,Joe Burrow,Broken Hot C...
2023,5,8,56,James Conner,Full Cort Pr...
2023,5,9,57,Justin Herbert,Praise the S...
2023,5,10,58,DeAndre Hopkins,1.21 Diggawa...
2023,5,11,59,Tyler Lockett,Carol Had A ...
2023,5,12,60,Jonathan Taylor,Hakuna Mailata
2023,6,1,61,Dallas Goedert,Hakuna Mailata
2023,6,2,62,Mike Williams,Carol Had A ...
2023,6,3,63,James Cook III,1.21 Diggawa...
2023,6,4,64,Chris Godwin Jr.,Praise the S...
2023,6,5,65,Daniel Jones,Full Cort Pr...
2023,6,6,66,Kyle Pitts Sr.,Broken Hot C...
2023,6,7,67,Trevor Lawrence,AppleBijan's
2023,6,8,68,Cam Akers,Ayahuasca Ac...
2023,6,9,69,Terry McLaurin,Password Is ...
2023,6,10,70,Evan Engram,Ron Mexico's...
2023,6,11,71,Alvin Kamara,Surrender Yo...
2023,6,12,72,George Pickens,By The Beard...
2023,7,1,73,Antonio Gibson,By The Beard...
2023,7,2,74,Mike Evans,Surrender Yo...
2023,7,3,75,Michael Pittman Jr.,Ron Mexico's...
2023,7,4,76,Pat Freiermuth,Password Is ...
2023,7,5,77,Hollywood Brown,Ayahuasca Ac...
2023,7,6,78,Jordan Addison,AppleBijan's
2023,7,7,79,Gabe Davis,Broken Hot C...
2023,7,8,80,David Njoku,Full Cort Pr...
2023,7,9,81,Jamaal Williams,Praise the S...
2023,7,10,82,Jaxon Smith-Njigba,1.21 Diggawa...
2023,7,11,83,Dalvin Cook,Carol Had A ...
2023,7,12,84,Rashaad Penny,Hakuna Mailata
2023,8,1,85,Jerry Jeudy,Hakuna Mailata
2023,8,2,86,D'Andre Swift,Carol Had A ...
2023,8,3,87,Raheem Mostert,1.21 Diggawa...
2023,8,4,88,AJ Dillon,Praise the S...
2023,8,5,89,Courtland Sutton,Full Cort Pr...
2023,8,6,90,Elijah Moore,Broken Hot C...
2023,8,7,91,Samaje Perine,AppleBijan's
2023,8,8,92,Zay Flowers,Ayahuasca Ac...
2023,8,9,93,Deshaun Watson,Password Is ...
2023,8,10,94,Brian Robinson,Ron Mexico's...
2023,8,11,95,Zach Charbonnet,Surrender Yo...
2023,8,12,96,Rashod Bateman,By The Beard...
2023,9,1,97,De'Von Achane,By The Beard...
2023,9,2,98,Tank Bigsby,Surrender Yo...
2023,9,3,99,Brandin Cooks,Ron Mexico's...
2023,9,4,100,Skyy Moore,Password Is ...
2023,9,5,101,Tyler Higbee,Ayahuasca Ac...
2023,9,6,102,Michael Thomas,AppleBijan's
2023,9,7,103,Nico Collins,Broken Hot C...
2023,9,8,104,Jerick McKinnon,Full Cort Pr...
2023,9,9,105,49ers,Praise the S...
2023,9,10,106,Ezekiel Elliott,1.21 Diggawa...
2023,9,11,107,Dalton Kincaid,Carol Had A ...
2023,9,12,108,Deon Jackson,Hakuna Mailata
2023,10,1,109,Kendre Miller,Hakuna Mailata
2023,10,2,110,Marvin Mims Jr.,Carol Had A ...
2023,10,3,111,Anthony Richardson Sr.,1.21 Diggawa...
2023,10,4,112,Kadarius Toney,Praise the S...
2023,10,5,113,Quentin Johnston,Full Cort Pr...
2023,10,6,114,Khalil Herbert,Broken Hot C...
2023,10,7,115,Sam LaPorta,AppleBijan's
2023,10,8,116,Jaylen Warren,Ayahuasca Ac...
2023,10,9,117,Elijah Mitchell,Password Is ...
2023,10,10,118,Tony Pollard,Ron Mexico's...
2023,10,11,119,Jonathan Mingo,Surrender Yo...
2023,10,12,120,Jahan Dotson,By The Beard...
2023,11,1,121,Cowboys,By The Beard...
2023,11,2,122,Dak Prescott,Surrender Yo...
2023,11,3,123,Rashid Shaheed,Ron Mexico's...
2023,11,4,124,Roschon Johnson,Password Is ...
2023,11,5,125,Dalton Schultz,Ayahuasca Ac...
2023,11,6,126,Jameson Williams,AppleBijan's
2023,11,7,127,Damien Harris,Broken Hot C...
2023,11,8,128,Isiah Pacheco,Full Cort Pr...
2023,11,9,129,Chig Okonkwo,Praise the S...
2023,11,10,130,Sean Tucker,1.21 Diggawa...
2023,11,11,131,Odell Beckham Jr.,Carol Had A ...
2023,11,12,132,Treylon Burks,Hakuna Mailata
2023,12,1,133,Kareem Hunt,Hakuna Mailata
2023,12,2,134,Tyler Allgeier,Carol Had A ...
2023,12,3,135,Puka Nacua,1.21 Diggawa...
2023,12,4,136,Jakobi Meyers,Praise the S...
2023,12,5,137,Bills,Full Cort Pr...
2023,12,6,138,Jalin Hyatt,Broken Hot C...
2023,12,7,139,Garrett Wilson,AppleBijan's
2023,12,8,140,JuJu Smith-Schuster,Ayahuasca Ac...
2023,12,9,141,Kenny Gainwell,Password Is ...
2023,12,10,142,Patriots,Ron Mexico's...
2023,12,11,143,Rachaad White,Surrender Yo...
2023,12,12,144,Ty Chandler,By The Beard...
2023,13,1,145,C.J. Stroud,By The Beard...
2023,13,2,146,Romeo Doubs,Surrender Yo...
2023,13,3,147,Darnell Mooney,Ron Mexico's...
2023,13,4,148,Evan Hull,Password Is ...
2023,13,5,149,Allen Lazard,Ayahuasca Ac...
2023,13,6,150,Gus Edwards,AppleBijan's
2023,13,7,151,Tyjae Spears,Broken Hot C...
2023,13,8,152,Adam Thielen,Full Cort Pr...
2023,13,9,153,Tua Tagovailoa,Praise the S...
2023,13,10,154,Eagles,1.21 Diggawa...
2023,13,11,155,Jets,Carol Had A ...
2023,13,12,156,John Metchie III,Hakuna Mailata
2023,14,1,157,Rashee Rice,Hakuna Mailata
2023,14,2,158,Cole Kmet,Carol Had A ...
2023,14,3,159,Chase Brown,1.21 Diggawa...
2023,14,4,160,Isaiah Hodgins,Praise the S...
2023,14,5,161,Luke Musgrave,Full Cort Pr...
2023,14,6,162,Ravens,Broken Hot C...
2023,14,7,163,Gerald Everett,AppleBijan's
2023,14,8,164,Commanders,Ayahuasca Ac...
2023,14,9,165,Saints,Password Is ...
2023,14,10,166,D'Onta Foreman,Ron Mexico's...
2023,14,11,167,Steelers,Surrender Yo...
2023,14,12,168,Michael Wilson,By The Beard...
2023,15,1,169,Tank Dell,By The Beard...
2023,15,2,170,Tyler Boyd,Surrender Yo...
2023,15,3,171,Wan'Dale Robinson,Ron Mexico's...
2023,15,4,172,Calvin Ridley,Password Is ...
2023,15,5,173,Chuba Hubbard,Ayahuasca Ac...
2023,15,6,174,Jelani Woods,AppleBijan's
2023,15,7,175,Jerome Ford,Broken Hot C...
2023,15,8,176,Devin Singletary,Full Cort Pr...
2023,15,9,177,Jeff Wilson Jr.,Praise the S...
2023,15,10,178,Kyler Murray,1.21 Diggawa...
2023,15,11,179,Zay Jones,Carol Had A ...
2023,15,12,180,Jaguars,Hakuna Mailata
2024,1,1,1,Christian McCaffrey,Password Is ...
2024,1,2,2,CeeDee Lamb,By The Beard...
2024,1,3,3,Tyreek Hill,Ayahuasca Ac...
2024,1,4,4,Amon-Ra St. Brown,Full Cort Pr...
2024,1,5,5,Bijan Robinson,Puka Nuked!
2024,1,6,6,Breece Hall,I'm the Mo...
2024,1,7,7,Ja'Marr Chase,Ron Mexico's...
2024,1,8,8,Justin Jefferson,Gettin' Nj...
2024,1,9,9,Garrett Wilson,Wilson!
2024,1,10,10,A.J. Brown,Surrender Yo...
2024,1,11,11,Jonathan Taylor,Jonathan Tay...
2024,1,12,12,Jahmyr Gibbs,tank u next
2024,2,1,13,Marvin Harrison Jr.,tank u next
2024,2,2,14,Saquon Barkley,Jonathan Tay...
2024,2,3,15,Kyren Williams,Surrender Yo...
2024,2,4,16,Derrick Henry,Wilson!
2024,2,5,17,Travis Etienne Jr.,Gettin' Nj...
2024,2,6,18,Isiah Pacheco,Ron Mexico's...
2024,2,7,19,Davante Adams,I'm the Mo...
2024,2,8,20,De'Von Achane,Puka Nuked!
2024,2,9,21,Drake London,Full Cort Pr...
2024,2,10,22,Mike Evans,Ayahuasca Ac...
2024,2,11,23,Chris Olave,By The Beard...
2024,2,12,24,DJ Moore,Password Is ...
2024,3,1,25,Josh Jacobs,Password Is ...
2024,3,2,26,Nico Collins,By The Beard...
2024,3,3,27,Cooper Kupp,Ayahuasca Ac...
2024,3,4,28,Jaylen Waddle,Full Cort Pr...
2024,3,5,29,Josh Allen,Puka Nuked!
2024,3,6,30,Deebo Samuel Sr.,I'm the Mo...
2024,3,7,31,Travis Kelce,Ron Mexico's...
2024,3,8,32,DK Metcalf,Gettin' Nj...
2024,3,9,33,Brandon Aiyuk,Wilson!
2024,3,10,34,Rachaad White,Surrender Yo...
2024,3,11,35,Jalen Hurts,Jonathan Tay...
2024,3,12,36,Joe Mixon,tank u next
2024,4,1,37,Lamar Jackson,tank u next
2024,4,2,38,James Cook III,Jonathan Tay...
2024,4,3,39,Alvin Kamara,Surrender Yo...
2024,4,4,40,Michael Pittman Jr.,Wilson!
2024,4,5,41,Kenneth Walker III,Gettin' Nj...
2024,4,6,42,Patrick Mahomes,Ron Mexico's...
2024,4,7,43,David Montgomery,I'm the Mo...
2024,4,8,44,DeVonta Smith,Puka Nuked!
2024,4,9,45,Aaron Jones Sr.,Full Cort Pr...
2024,4,10,46,Malik Nabers,Ayahuasca Ac...
2024,4,11,47,Zamir White,By The Beard...
2024,4,12,48,Amari Cooper,Password Is ...
2024,5,1,49,Mark Andrews,Password Is ...
2024,5,2,50,Trey McBride,By The Beard...
2024,5,3,51,Anthony Richardson Sr.,Ayahuasca Ac...
2024,5,4,52,James Conner,Full Cort Pr...
2024,5,5,53,Dalton Kincaid,Puka Nuked!
2024,5,6,54,Raheem Mostert,I'm the Mo...
2024,5,7,55,Stefon Diggs,Ron Mexico's...
2024,5,8,56,Rashee Rice,Gettin' Nj...
2024,5,9,57,Kyler Murray,Wilson!
2024,5,10,58,Tee Higgins,Surrender Yo...
2024,5,11,59,George Pickens,Jonathan Tay...
2024,5,12,60,Zay Flowers,tank u next
2024,6,1,61,Tank Dell,tank u next
2024,6,2,62,Kyle Pitts Sr.,Jonathan Tay...
2024,6,3,63,Terry McLaurin,Surrender Yo...
2024,6,4,64,George Kittle,Wilson!
2024,6,5,65,Javonte Williams,Gettin' Nj...
2024,6,6,66,Rhamondre Stevenson,Ron Mexico's...
2024,6,7,67,Chris Godwin Jr.,I'm the Mo...
2024,6,8,68,Calvin Ridley,Puka Nuked!
2024,6,9,69,Evan Engram,Full Cort Pr...
2024,6,10,70,Najee Harris,Ayahuasca Ac...
2024,6,11,71,Tony Pollard,By The Beard...
2024,6,12,72,Jordan Love,Password Is ...
2024,7,1,73,Christian Kirk,Password Is ...
2024,7,2,74,D'Andre Swift,By The Beard...
2024,7,3,75,Joe Burrow,Ayahuasca Ac...
2024,7,4,76,Devin Singletary,Full Cort Pr...
2024,7,5,77,Gus Edwards,Puka Nuked!
2024,7,6,78,Brock Purdy,I'm the Mo...
2024,7,7,79,Brian Robinson,Ron Mexico's...
2024,7,8,80,Rome Odunze,Gettin' Nj...
2024,7,9,81,Diontae Johnson,Wilson!
2024,7,10,82,Jayden Reed,Surrender Yo...
2024,7,11,83,Brian Thomas Jr.,Jonathan Tay...
2024,7,12,84,Tyjae Spears,tank u next
2024,8,1,85,Xavier Worthy,tank u next
2024,8,2,86,Keenan Allen,Jonathan Tay...
2024,8,3,87,Zack Moss,Surrender Yo...
2024,8,4,88,Chase Brown,Wilson!
2024,8,5,89,Jaxon Smith-Njigba,Gettin' Nj...
2024,8,6,90,Jordan Addison,Ron Mexico's...
2024,8,7,91,Jake Ferguson,I'm the Mo...
2024,8,8,92,Christian Watson,Puka Nuked!
2024,8,9,93,Courtland Sutton,Full Cort Pr...
2024,8,10,94,David Njoku,Ayahuasca Ac...
2024,8,11,95,Brock Bowers,By The Beard...
2024,8,12,96,Nick Chubb,Password Is ...
2024,9,1,97,Khalil Shakir,Password Is ...
2024,9,2,98,Blake Corum,By The Beard...
2024,9,3,99,49ers,Ayahuasca Ac...
2024,9,4,100,Jared Goff,Full Cort Pr...
2024,9,5,101,Ladd McConkey,Puka Nuked!
2024,9,6,102,Jayden Daniels,I'm the Mo...
2024,9,7,103,Austin Ekeler,Ron Mexico's...
2024,9,8,104,Rico Dowdle,Gettin' Nj...
2024,9,9,105,Hollywood Brown,Wilson!
2024,9,10,106,Dallas Goedert,Surrender Yo...
2024,9,11,107,DeAndre Hopkins,Jonathan Tay...
2024,9,12,108,Jameson Williams,tank u next
2024,10,1,109,Caleb Williams,tank u next
2024,10,2,110,Jonathon Brooks,Jonathan Tay...
2024,10,3,111,T.J. Hockenson,Surrender Yo...
2024,10,4,112,Trey Benson,Wilson!
2024,10,5,113,Sam LaPorta,Gettin' Nj...
2024,10,6,114,Ezekiel Elliott,Ron Mexico's...
2024,10,7,115,Joshua Palmer,I'm the Mo...
2024,10,8,116,Zach Charbonnet,Puka Nuked!
2024,10,9,117,Jaylen Wright,Full Cort Pr...
2024,10,10,118,Jaylen Warren,Ayahuasca Ac...
2024,10,11,119,J.K. Dobbins,By The Beard...
2024,10,12,120,Romeo Doubs,Password Is ...
2024,11,1,121,Chuba Hubbard,Password Is ...
2024,11,2,122,Jaleel McLaughlin,By The Beard...
2024,11,3,123,Tyler Lockett,Ayahuasca Ac...
2024,11,4,124,Keon Coleman,Full Cort Pr...
2024,11,5,125,Antonio Gibson,Puka Nuked!
2024,11,6,126,Pat Freiermuth,I'm the Mo...
2024,11,7,127,Rashid Shaheed,Ron Mexico's...
2024,11,8,128,Trevor Lawrence,Gettin' Nj...
2024,11,9,129,Curtis Samuel,Wilson!
2024,11,10,130,Dak Prescott,Surrender Yo...
2024,11,11,131,Brandin Cooks,Jonathan Tay...
2024,11,12,132,Dalton Schultz,tank u next
2024,12,1,133,Mike Williams,tank u next
2024,12,2,134,Dontayvion Wicks,Jonathan Tay...
2024,12,3,135,Bucky Irving,Surrender Yo...
2024,12,4,136,Jakobi Meyers,Wilson!
2024,12,5,137,Michael Wilson,Gettin' Nj...
2024,12,6,138,Gabe Davis,Ron Mexico's...
2024,12,7,139,Browns,I'm the Mo...
2024,12,8,140,Puka Nacua,Puka Nuked!
2024,12,9,141,Jets,Full Cort Pr...
2024,12,10,142,Adonai Mitchell,Ayahuasca Ac...
2024,12,11,143,Ray Davis,By The Beard...
2024,12,12,144,Adam Thielen,Password Is ...
2024,13,1,145,Jerry Jeudy,Password Is ...
2024,13,2,146,C.J. Stroud,By The Beard...
2024,13,3,147,Khalil Herbert,Ayahuasca Ac...
2024,13,4,148,Tua Tagovailoa,Full Cort Pr...
2024,13,5,149,Ravens,Puka Nuked!
2024,13,6,150,Kendrick Bourne,I'm the Mo...
2024,13,7,151,Cowboys,Ron Mexico's...
2024,13,8,152,Ricky Pearsall,Gettin' Nj...
2024,13,9,153,Chiefs,Wilson!
2024,13,10,154,Ty Chandler,Surrender Yo...
2024,13,11,155,Jordan Mason,Jonathan Tay...
2024,13,12,156,Steelers,tank u next
2024,14,1,157,Cole Kmet,tank u next
2024,14,2,158,Tyler Allgeier,Jonathan Tay...
2024,14,3,159,Tank Bigsby,Surrender Yo...
2024,14,4,160,Jerome Ford,Wilson!
2024,14,5,161,Ben Sinnott,Gettin' Nj...
2024,14,6,162,Kirk Cousins,Ron Mexico's...
2024,14,7,163,MarShawn Lloyd,I'm the Mo...
2024,14,8,164,Taysom Hill,Puka Nuked!
2024,14,9,165,Luke Musgrave,Full Cort Pr...
2024,14,10,166,Noah Fant,Ayahuasca Ac...
2024,14,11,167,Bengals,By The Beard...
2024,14,12,168,Braelon Allen,Password Is ...
2025,1,1,1,Ja'Marr Chase,Swifties and...
2025,1,2,2,Bijan Robinson,By The Beard...
2025,1,3,3,Saquon Barkley,Wild Bill
2025,1,4,4,Jahmyr Gibbs,Jahmyracle Whip
2025,1,5,5,CeeDee Lamb,Lamb Over Rice
2025,1,6,6,Justin Jefferson,Password Is ...
2025,1,7,7,Christian McCaffrey,Hall Too Wel...
2025,1,8,8,Derrick Henry,3peat Worthy
2025,1,9,9,Amon-Ra St. Brown,Surrender Yo...
2025,1,10,10,Nico Collins,Puka Nicoclear!
2025,1,11,11,De'Von Achane,Ron Mexico's...
2025,1,12,12,Malik Nabers,LaPorta Pott...
2025,2,1,13,Ashton Jeanty,LaPorta Pott...
2025,2,2,14,Drake London,Ron Mexico's...
2025,2,3,15,Puka Nacua,Puka Nicoclear!
2025,2,4,16,Brian Thomas Jr.,Surrender Yo...
2025,2,5,17,Chase Brown,3peat Worthy
2025,2,6,18,A.J. Brown,Hall Too Wel...
2025,2,7,19,Jonathan Taylor,Password Is ...
2025,2,8,20,Josh Jacobs,Lamb Over Rice
2025,2,9,21,Kenneth Walker III,Jahmyracle Whip
2025,2,10,22,Ladd McConkey,Wild Bill
2025,2,11,23,Brock Bowers,By The Beard...
2025,2,12,24,Kyren Williams,Swifties and...
2025,3,1,25,Mike Evans,Swifties and...
2025,3,2,26,Trey McBride,By The Beard...
2025,3,3,27,Lamar Jackson,Wild Bill
2025,3,4,28,Josh Allen,Jahmyracle Whip
2025,3,5,29,Tee Higgins,Lamb Over Rice
2025,3,6,30,George Kittle,Password Is ...
2025,3,7,31,Jalen Hurts,Hall Too Wel...
2025,3,8,32,James Cook III,3peat Worthy
2025,3,9,33,Jaxon Smith-Njigba,Surrender Yo...
2025,3,10,34,Omarion Hampton,Puka Nicoclear!
2025,3,11,35,Terry McLaurin,Ron Mexico's...
2025,3,12,36,Alvin Kamara,LaPorta Pott...
2025,4,1,37,Jayden Daniels,LaPorta Pott...
2025,4,2,38,James Conner,Ron Mexico's...
2025,4,3,39,Marvin Harrison Jr.,Puka Nicoclear!
2025,4,4,40,TreVeyon Henderson,Surrender Yo...
2025,4,5,41,Davante Adams,3peat Worthy
2025,4,6,42,Breece Hall,Hall Too Wel...
2025,4,7,43,Courtland Sutton,Password Is ...
2025,4,8,44,Jaylen Waddle,Lamb Over Rice
2025,4,9,45,RJ Harvey,Jahmyracle Whip
2025,4,10,46,Garrett Wilson,Wild Bill
2025,4,11,47,Tyreek Hill,By The Beard...
2025,4,12,48,D'Andre Swift,Swifties and...
2025,5,1,49,Joe Burrow,Swifties and...
2025,5,2,50,DeVonta Smith,By The Beard...
2025,5,3,51,Tony Pollard,Wild Bill
2025,5,4,52,Zay Flowers,Jahmyracle Whip
2025,5,5,53,Tetairoa McMillan,Lamb Over Rice
2025,5,6,54,Jameson Williams,Password Is ...
2025,5,7,55,George Pickens,Hall Too Wel...
2025,5,8,56,Xavier Worthy,3peat Worthy
2025,5,9,57,DK Metcalf,Surrender Yo...
2025,5,10,58,David Montgomery,Puka Nicoclear!
2025,5,11,59,DJ Moore,Ron Mexico's...
2025,5,12,60,Sam LaPorta,LaPorta Pott...
2025,6,1,61,Calvin Ridley,LaPorta Pott...
2025,6,2,62,Aaron Jones Sr.,Ron Mexico's...
2025,6,3,63,Travis Hunter,Puka Nicoclear!
2025,6,4,64,Isiah Pacheco,Surrender Yo...
2025,6,5,65,Stefon Diggs,3peat Worthy
2025,6,6,66,T.J. Hockenson,Hall Too Wel...
2025,6,7,67,Emeka Egbuka,Password Is ...
2025,6,8,68,Tyrone Tracy Jr.,Lamb Over Rice
2025,6,9,69,Jordan Mason,Jahmyracle Whip
2025,6,10,70,Chris Olave,Wild Bill
2025,6,11,71,Rome Odunze,By The Beard...
2025,6,12,72,Matthew Golden,Swifties and...
2025,7,1,73,Travis Kelce,Swifties and...
2025,7,2,74,Jaylen Warren,By The Beard...
2025,7,3,75,J.K. Dobbins,Wild Bill
2025,7,4,76,Zach Charbonnet,Jahmyracle Whip
2025,7,5,77,Rashee Rice,Lamb Over Rice
2025,7,6,78,Braelon Allen,Password Is ...
2025,7,7,79,Mark Andrews,Hall Too Wel...
2025,7,8,80,Evan Engram,3peat Worthy
2025,7,9,81,Jerry Jeudy,Surrender Yo...
2025,7,10,82,Kaleb Johnson,Puka Nicoclear!
2025,7,11,83,Drake Maye,Ron Mexico's...
2025,7,12,84,Jordan Addison,LaPorta Pott...
2025,8,1,85,Tucker Kraft,LaPorta Pott...
2025,8,2,86,David Njoku,Ron Mexico's...
2025,8,3,87,Tyler Warren,Puka Nicoclear!
2025,8,4,88,Jake Ferguson,Surrender Yo...
2025,8,5,89,Bo Nix,3peat Worthy
2025,8,6,90,Brock Purdy,Hall Too Wel...
2025,8,7,91,Jauan Jennings,Password Is ...
2025,8,8,92,Tank Bigsby,Lamb Over Rice
2025,8,9,93,Deebo Samuel Sr.,Jahmyracle Whip
2025,8,10,94,Travis Etienne Jr.,Wild Bill
2025,8,11,95,Patrick Mahomes,By The Beard...
2025,8,12,96,Trey Benson,Swifties and...
2025,9,1,97,Keenan Allen,Swifties and...
2025,9,2,98,Dak Prescott,By The Beard...
2025,9,3,99,Jacory Croskey-Merritt,Wild Bill
2025,9,4,100,Jayden Reed,Jahmyracle Whip
2025,9,5,101,Austin Ekeler,Lamb Over Rice
2025,9,6,102,Baker Mayfield,Password Is ...
2025,9,7,103,Rashid Shaheed,Hall Too Wel...
2025,9,8,104,Justin Fields,3peat Worthy
2025,9,9,105,Josh Downs,Surrender Yo...
2025,9,10,106,Jerome Ford,Puka Nicoclear!
2025,9,11,107,Javonte Williams,Ron Mexico's...
2025,9,12,108,Michael Pittman Jr.,LaPorta Pott...
2025,10,1,109,Rhamondre Stevenson,LaPorta Pott...
2025,10,2,110,Khalil Shakir,Ron Mexico's...
2025,10,3,111,Cam Skattebo,Puka Nicoclear!
2025,10,4,112,Dylan Sampson,Surrender Yo...
2025,10,5,113,Rashod Bateman,3peat Worthy
2025,10,6,114,Bhayshul Tuten,Hall Too Wel...
2025,10,7,115,Rachaad White,Password Is ...
2025,10,8,116,Colston Loveland,Lamb Over Rice
2025,10,9,117,Dalton Kincaid,Jahmyracle Whip
2025,10,10,118,Chris Godwin Jr.,Wild Bill
2025,10,11,119,Dallas Goedert,By The Beard...
2025,10,12,120,Najee Harris,Swifties and...
2025,11,1,121,Keon Coleman,Swifties and...
2025,11,2,122,Cooper Kupp,By The Beard...
2025,11,3,123,Brandon Aiyuk,Wild Bill
2025,11,4,124,Darnell Mooney,Jahmyracle Whip
2025,11,5,125,Kyler Murray,Lamb Over Rice
2025,11,6,126,Chuba Hubbard,Password Is ...
2025,11,7,127,Tyler Lockett,Hall Too Wel...
2025,11,8,128,Nick Chubb,3peat Worthy
2025,11,9,129,Tyjae Spears,Surrender Yo...
2025,11,10,130,Jaydon Blue,Puka Nicoclear!
2025,11,11,131,DeMario Douglas,Ron Mexico's...
2025,11,12,132,Christian Kirk,LaPorta Pott...
2025,12,1,133,Ray Davis,LaPorta Pott...
2025,12,2,134,Isaac Guerendo,Ron Mexico's...
2025,12,3,135,Cedric Tillman,Puka Nicoclear!
2025,12,4,136,Bucky Irving,Surrender Yo...
2025,12,5,137,Broncos,3peat Worthy
2025,12,6,138,Hunter Henry,Hall Too Wel...
2025,12,7,139,Chris Rodriguez Jr.,Password Is ...
2025,12,8,140,Quinshon Judkins,Lamb Over Rice
2025,12,9,141,Joshua Palmer,Jahmyracle Whip
2025,12,10,142,Jakobi Meyers,Wild Bill
2025,12,11,143,Chig Okonkwo,By The Beard...
2025,12,12,144,Steelers,Swifties and...
2025,13,1,145,Ollie Gordon II,Swifties and...
2025,13,2,146,Tyler Allgeier,By The Beard...
2025,13,3,147,Kyle Pitts Sr.,Wild Bill
2025,13,4,148,Joe Mixon,Jahmyracle Whip
2025,13,5,149,Ricky Pearsall,Lamb Over Rice
2025,13,6,150,Jayden Higgins,Password Is ...
2025,13,7,151,Luther Burden III,Hall Too Wel...
2025,13,8,152,Brian Robinson,3peat Worthy
2025,13,9,153,Marvin Mims Jr.,Surrender Yo...
2025,13,10,154,C.J. Stroud,Puka Nicoclear!
2025,13,11,155,Eagles,Ron Mexico's...
2025,13,12,156,Rico Dowdle,LaPorta Pott...
2025,14,1,157,Texans,LaPorta Pott...
2025,14,2,158,Wan'Dale Robinson,Ron Mexico's...
2025,14,3,159,Adam Thielen,Puka Nicoclear!
2025,14,4,160,Justin Herbert,Surrender Yo...
2025,14,5,161,Jaylen Wright,3peat Worthy
2025,14,6,162,49ers,Hall Too Wel...
2025,14,7,163,Cardinals,Password Is ...
2025,14,8,164,Jalen Coker,Lamb Over Rice
2025,14,9,165,Tre' Harris,Jahmyracle Whip
2025,14,10,166,Isaiah Likely,Wild Bill
2025,14,11,167,Ravens,By The Beard...
2025,14,12,168,Zach Ertz,Swifties and...
