player_name,position,rush_yds_prop,rec_yds_prop,pass_yds_prop,pass_td_prop,rush_rec_td_prop,receptions_prop,notes
Josh Allen,QB,,,,,,,"2026 MVP favorite, approx +550 to +650 depending on book/date; long shot to lead NFL in passing yards (+2500) given Buffalo's run-heavy scheme; Bills added WR DJ Moore this offseason"
Lamar Jackson,QB,,,,,,,"MVP contender (+850); very long odds to lead NFL in passing yards (+4000) as Ravens remain run-first with Derrick Henry in the backfield"
Drake Maye,QB,,,,,,,"MVP contender (+1000), was runner-up in 2025 MVP voting; part of DraftKings 'Superstar Slingers' parlay needing 3,500+ pass yards in 2026; odds to lead NFL in passing yards +1500"
Jayden Daniels,QB,,,,,,,"Comeback Player of the Year contender (+450); long shot to lead NFL in passing yards (+4000)"
Patrick Mahomes,QB,,,,,,,"Comeback Player of the Year favorite (+150 to +185 across books) returning from a Dec. 2025 ACL/LCL injury; MVP +1300; odds to lead NFL in passing yards +1200"
Joe Burrow,QB,,,,,,,"MVP contender (+900); favorite to lead NFL in passing yards (+750) and passing TDs (+550); led NFL in passing yards (4,918) and TDs (43) in 2025"
Jalen Hurts,QB,,,,,,,"MVP dark horse per NFL.com; long shot to lead NFL in passing yards (+5000) given Philadelphia's run-heavy identity"
Bo Nix,QB,,,,,,,"Odds to lead NFL in passing yards +2500"
Jared Goff,QB,,,,,,,"Co-favorite to lead NFL in passing yards (+750); odds to lead NFL in passing TDs +950"
Justin Herbert,QB,,,,,,,"MVP contender (+1000); odds to lead NFL in passing yards +1500; per-game pass volume has declined over the last three seasons"
C.J. Stroud,QB,,,,,,,"Odds to lead NFL in passing yards +3500"
Kyler Murray,QB,,,,,,,"Comeback Player of the Year contender (+550) after joining the Vikings; odds to lead NFL in passing yards +4000"
Brock Purdy,QB,,,,,,,"MVP +2000; odds to lead NFL in passing yards +1500; odds to lead NFL in passing TDs +1100"
Baker Mayfield,QB,,,,,,,"Odds to lead NFL in passing yards +2500"
Trevor Lawrence,QB,,,,,,,"MVP dark horse (+2000)"
Caleb Williams,QB,,,,,,,"MVP (+1500 to +1600, top ticket at BetMGM behind Burrow); part of DraftKings 'Superstar Slingers' parlay needing 3,500+ pass yards"
Justin Fields,QB,,,,,,,
Matthew Stafford,QB,,,,,,,"Reigning NFL MVP; 2026 MVP odds +900; co-favorite to lead NFL in passing yards (+900) and passing TDs (+650) after leading the league in both in 2025 (4,707 yds, 46 TD); part of 'Superstar Slingers' 3,500+ yard parlay"
Dak Prescott,QB,,,,,,,"MVP +1400, first NFC player listed on several boards; co-favorite to lead NFL in passing yards (+750) and passing TDs (+750)"
Jordan Love,QB,,,,,,,"MVP +2200; odds to lead NFL in passing yards +2000"
Tua Tagovailoa,QB,,,,,,,
Geno Smith,QB,,,,,,,
Daniel Jones,QB,,,,,,,"Comeback Player of the Year dark horse (+1600 to +2000)"
Bryce Young,QB,,,3074.5,,,,"Season passing yards O/U prop set at 3074.5 (DraftKings, via DraftKings Network, Jul 2026)"
J.J. McCarthy,QB,,,,,,,
Jahmyr Gibbs,RB,,,,,,,"Offensive Player of the Year favorite (+750); co-favorite to lead NFL in rushing yards (+700/+750) and rushing TDs (+500/+600); projected for an expanded workload after David Montgomery's departure"
Bijan Robinson,RB,,,,,,,"OPOY (+900); co-favorite to lead NFL in rushing yards (+700/+750)"
Christian McCaffrey,RB,,,,,,,"OPOY (+1200); long shot to lead NFL in rushing yards (+2200)"
Jonathan Taylor,RB,,,,,,,"Co-favorite to lead NFL in rushing yards (+600/+650) and favorite for rushing TDs (+600) after leading the NFL with 18 rush TDs in 2025; +250 odds to reach 1,500 rush yards"
James Cook III,RB,,,,,,,"Odds to lead NFL in rushing yards +650/+700; +250 odds to reach 1,500 rush yards"
Ashton Jeanty,RB,,,,,,,"Part of DraftKings 'Second-Year Surge' parlay needing 1,000+ rush yards in 2026 after a disappointing rookie year (734 scrimmage yards, 3.7 YPC); new zone-blocking scheme under Klint Kubiak seen as a boost"
De'Von Achane,RB,,,,,,,"Led NFL in yards/carry (5.67) and explosive run rate (10.1%) in 2025 despite fewer touches than the top backs; no specific season O/U found"
Saquon Barkley,RB,,,,,,,"FanDuel (late Jul 2026): rushing yards leader +1200 (6th); OPOY +3000 (12th). 2025 was a decline year (1,140 yds, 280 att, 4.07 ypc), not a repeat of the 2,005-yd OPOY 2024 season."
Derrick Henry,RB,,,,,,,"Co-favorite to lead NFL in rushing yards (+600) and rushing TDs (+550/+600); +250 odds to reach 1,500 rush yards; has posted double-digit rush TDs in 8 straight seasons"
Josh Jacobs,RB,,,,,,,"Odds to lead NFL in rushing TDs +900/+1100"
Kyren Williams,RB,,,,,,,
Omarion Hampton,RB,,,,,,,"Part of 'Second-Year Surge' parlay needing 1,000+ rush yards in 2026; limited rookie year (737 scrimmage yds in 9 games, injury); Offensive Rookie of the Year-cycle odds reported improving per CBS Sports"
Breece Hall,RB,,,,,,,"FantasyPoints projects roughly 1,072 rush yards, described as about 19% above the market's season rushing-yards line (implies a market number in the neighborhood of 900, not independently confirmed -- treat as qualitative)"
Chase Brown,RB,,,,,,,
Bucky Irving,RB,,,,,,,
Kenneth Walker III,RB,,,,,,,
Alvin Kamara,RB,,,,,,,
David Montgomery,RB,,,,,,,
Isiah Pacheco,RB,,,,,,,
Chuba Hubbard,RB,,,,,,,
TreVeyon Henderson,RB,,,,,,,
RJ Harvey,RB,,,,,,,
Tony Pollard,RB,,,,,,,
Rhamondre Stevenson,RB,,,,,,,
Javonte Williams,RB,,,,,,,
Aaron Jones Sr.,RB,,,,,,,
Joe Mixon,RB,,,,,,,
Najee Harris,RB,,,,,,,
Zach Charbonnet,RB,,,,,,,
Tyrone Tracy Jr.,RB,,,,,,,
Travis Etienne Jr.,RB,,,,,,,
D'Andre Swift,RB,,,,,,,
J.K. Dobbins,RB,,,,,,,
Jaylen Warren,RB,,,,,,,
Brian Robinson,RB,,,,,,,
Rachaad White,RB,,,,,,,
Austin Ekeler,RB,,,,,,,
Devin Singletary,RB,,,,,,,
Jerome Ford,RB,,,,,,,
Tank Bigsby,RB,,,,,,,
Ja'Marr Chase,WR,,1324.5,,,,,"Season receiving yards O/U reported at approx 1,324.5 (market context, mid-2026); favorite/co-favorite to lead NFL in receiving yards (+600) and receiving TDs (+700); OPOY +1000; longest-odds MVP mention among non-QBs (+10000)"
Puka Nacua,WR,,1324.5,,,,,"Season receiving yards O/U reported at approx 1,324.5; favorite to lead NFL in receiving yards (+550); +140 odds to reach 1,500 yards; OPOY +1100; led NFL with 129 receptions in 2025"
Jaxon Smith-Njigba,WR,,1324.5,,,,,"Season receiving yards O/U reported at approx 1,324.5; odds to lead NFL in receiving yards +650; +150 odds to reach 1,500 yards; reigning 2025 OPOY; 2026 OPOY odds +1500"
Amon-Ra St. Brown,WR,,,,,,,"Odds to lead NFL in receiving yards +900; co-favorite to lead NFL in receiving TDs (+700); led NFL in red-zone targets (35) in 2025"
A.J. Brown,WR,,,,,,,
Nico Collins,WR,,,,,,,"Odds to lead NFL in receiving yards +1600"
Malik Nabers,WR,,1467.5,,,,,"FantasyPoints projects Nabers to lead the league at 1,467.5 receiving yards; recovering from a knee injury entering 2026"
Justin Jefferson,WR,,1149,,,,,"Season receiving yards market reference approx 1,149 (precision uncertain -- source did not confirm half-point); odds to lead NFL in receiving yards +1400; OPOY +1500"
CeeDee Lamb,WR,,1149,,,,,"Season receiving yards market reference approx 1,149 (precision uncertain -- source did not confirm half-point); odds to lead NFL in receiving yards +1100; odds to lead NFL in receiving TDs +1500; OPOY +1800"
Drake London,WR,,,,,,,"Odds to lead NFL in receiving yards +1600"
Ladd McConkey,WR,,,,,,,
Brian Thomas Jr.,WR,,,,,,,
Marvin Harrison Jr.,WR,,,,,,,
Tyreek Hill,WR,,,,,,,
Davante Adams,WR,,,,,,,"Co-favorite to lead NFL in receiving TDs (+700) after leading the NFL with 14 receiving TDs in 2025"
DK Metcalf,WR,,,,,,,
Terry McLaurin,WR,,,,,,,
Garrett Wilson,WR,,,,,,,
Tee Higgins,WR,,,,,,,
DJ Moore,WR,,,,,,,"Signed with Buffalo this offseason as part of an upgraded Bills WR corps"
Courtland Sutton,WR,,,,,,,
Zay Flowers,WR,,,,,,,
George Pickens,WR,,,,,,,
Jameson Williams,WR,,,,,,,
Jordan Addison,WR,,,,,,,
Rome Odunze,WR,,,,,,,
Mike Evans,WR,,,,,,,"Past receiving-TD leader; longer-odds mention (+3000 range) for a repeat"
Chris Olave,WR,,,,,,,"Odds to lead NFL in receiving yards +2000"
Calvin Ridley,WR,,,,,,,
Xavier Worthy,WR,,,,,,,
Jaylen Waddle,WR,,,,,,,
Deebo Samuel,WR,,,,,,,
Keenan Allen,WR,,,,,,,
Jerry Jeudy,WR,,,,,,,
Rashee Rice,WR,,,,,,,
Travis Hunter,WR,,,,,,,"Comeback Player of the Year long shot (+2500)"
Emeka Egbuka,WR,,,,,,,"Reported improving Offensive Rookie of the Year-cycle odds context (CBS Sports); had 938 rec yds as a rookie in 2025, expected to lead Buccaneers WRs in 2026"
Matthew Golden,WR,,,,,,,
Tetairoa McMillan,WR,,,,,,,"Won 2025 NFL Offensive Rookie of the Year, leading all rookies with 1,014 rec yds and 7 TD"
Ricky Pearsall,WR,,,,,,,
Jauan Jennings,WR,,,,,,,
Khalil Shakir,WR,,,,,,,
Josh Downs,WR,,,,,,,
Rashod Bateman,WR,,,,,,,
Darnell Mooney,WR,,,,,,,
Trey McBride,TE,,,,,,,"Part of DraftKings '99 Club' parlay needing 1,000+ rec yds in 2026; led all TEs with 1,239 rec yds in 2025"
Brock Bowers,TE,,,,,,,"Reported fully healthy for 2026 camp after an injury-shortened 2025 (84 rec, 630 yds, 7 TD in Year 2); had 1,194 rec yds as a rookie in 2024"
Colston Loveland,TE,,,,,,,"Highest-graded rookie TE in 2025 (85.3 PFF); 597 rec yds from Week 9 on"
Tyler Warren,TE,,,,,,,"817 rec yds as a rookie in 2025"
Tucker Kraft,TE,,,,,,,
Sam LaPorta,TE,,,,,,,"Limited to 9 games in 2025 (40 rec, 489 yds, 3 TD) by injury"
George Kittle,TE,,,,,,,"Comeback Player of the Year long shot (+2000)"
Travis Kelce,TE,,,,,,,"Ranked among SI's top-10 TEs for 2026 amid a retirement-tour narrative"
T.J. Hockenson,TE,,,,,,,
Mark Andrews,TE,,,,,,,
David Njoku,TE,,,,,,,
Dalton Kincaid,TE,,,,,,,
Evan Engram,TE,,,,,,,
Jonnu Smith,TE,,,,,,,
Dallas Goedert,TE,,,,,,,
Zach Ertz,TE,,,,,,,
Cade Otton,TE,,,,,,,
Hunter Henry,TE,,,,,,,
Pat Freiermuth,TE,,,,,,,
Chig Okonkwo,TE,,,,,,,
