team,run_tier,pass_tier,note
Jaguars,tough,neutral,"Best run D in NFL per 2025 finish (2nd in turnovers forced, league's best vs. the run) -- real, sourced Aug 2026 preseason rankings"
Patriots,tough,neutral,"Top-10 vs. both run and pass in 2025 (4th in scoring D, 8th in total yards allowed), carried them to the Super Bowl"
Texans,tough,tough,"Consensus #1 defense entering 2026 -- 3rd in yards/drive, 2nd in EPA/play and success rate, 1st in scoring rate allowed (2025); CB Derek Stingley Jr. anchors a top pass defense too"
Seahawks,tough,tough,"Defending Super Bowl champs; DeJean/Mitchell first-team All-Pro CB duo, top defensive unit overall"
Vikings,tough,neutral,"Led NFL in pressure rate (44.5%) in 2025, 4th in sacks, blitzed more than any team -- disruptive vs. the run and the QB"
Ravens,tough,neutral,"Projected best defense in the AFC North entering 2026"
Eagles,tough,neutral,"Rounds out the top run-stopping units per 2026 preseason analysis"
Rams,tough,tough,"Top run defense mention plus traded for CB Trent McDuffie to fix a secondary that had been a weak point"
Broncos,neutral,tough,"Patrick Surtain II (2024 DPOY) anchors a secondary that ranked 2nd in total defense, 3rd in scoring defense in 2025"
Steelers,neutral,tough,"Added CB Jamel Dean and S Jaquan Brisker this offseason, one of the better CB rooms in the AFC"
Giants,weak,neutral,"Real, sourced concern: NYG projected to have issues stopping the run in 2026"
Bills,weak,neutral,"5th-worst run defense in the NFL in 2025, real concern carried into 2026"
Falcons,weak,neutral,"24th against the run in 2025, projected soft up the middle again in 2026"
Cardinals,weak,weak,"Widely cited as the single worst overall defense in the NFL entering 2026"
Dolphins,neutral,weak,"Unanimous pick for worst secondary in 2026 -- opponents completed 52% of throws 10+ yards downfield in 2025 (3rd-worst), lost Minkah Fitzpatrick"
Commanders,neutral,weak,"2nd-worst-ranked secondary in 2026 preseason analysis, ahead of only Miami"
49ers,neutral,weak,"Secondary the one real weakness on an otherwise strong roster -- 26th-ranked, just 6 INTs all of 2025 (4th-fewest)"
Chiefs,neutral,weak,"Secondary allowed a 76% completion rate when the pass rush didn't get home in 2025, ranked 30th"
Jets,neutral,weak,"Allowed 20+ yards on 10.4% of dropbacks in 2025, ranked 31st"
