player_name,position,market_overall_pick,source_note
Jahmyr Gibbs,RB,1.3,"CBS Sports consensus ADP, user-provided screenshots Aug 2026"
Bijan Robinson,RB,1.94,"CBS Sports consensus ADP, user-provided screenshots Aug 2026"
Ja'Marr Chase,WR,4.03,"CBS Sports consensus ADP, user-provided screenshots Aug 2026"
Puka Nacua,WR,5.05,"CBS Sports consensus ADP, user-provided screenshots Aug 2026"
Jonathan Taylor,RB,5.3,"CBS Sports consensus ADP, user-provided screenshots Aug 2026"
Christian McCaffrey,RB,7.02,"CBS Sports consensus ADP, user-provided screenshots Aug 2026"
Jaxon Smith-Njigba,WR,7.03,"CBS Sports consensus ADP, user-provided screenshots Aug 2026"
Amon-Ra St. Brown,WR,9.25,"CBS Sports consensus ADP, user-provided screenshots Aug 2026"
James Cook III,RB,11.19,"CBS Sports consensus ADP, user-provided screenshots Aug 2026"
De'Von Achane,RB,11.65,"CBS Sports consensus ADP, user-provided screenshots Aug 2026"
Ashton Jeanty,RB,12.84,"CBS Sports consensus ADP, user-provided screenshots Aug 2026"
Chase Brown,RB,13.12,"CBS Sports consensus ADP, user-provided screenshots Aug 2026"
Saquon Barkley,RB,14.13,"CBS Sports consensus ADP, user-provided screenshots Aug 2026"
Derrick Henry,RB,14.4,"CBS Sports consensus ADP, user-provided screenshots Aug 2026"
CeeDee Lamb,WR,15.07,"CBS Sports consensus ADP, user-provided screenshots Aug 2026"
Justin Jefferson,WR,16.68,"CBS Sports consensus ADP, user-provided screenshots Aug 2026"
Drake London,WR,17.94,"CBS Sports consensus ADP, user-provided screenshots Aug 2026"
Omarion Hampton,RB,19.5,"CBS Sports consensus ADP, user-provided screenshots Aug 2026"
Josh Allen,QB,19.8,"CBS Sports consensus ADP, user-provided screenshots Aug 2026"
Kenneth Walker III,RB,20.54,"CBS Sports consensus ADP, user-provided screenshots Aug 2026"
George Pickens,WR,23.04,"CBS Sports consensus ADP, user-provided screenshots Aug 2026"
Rashee Rice,WR,23.54,"CBS Sports consensus ADP, user-provided screenshots Aug 2026"
A.J. Brown,WR,24.05,"CBS Sports consensus ADP, user-provided screenshots Aug 2026"
Kyren Williams,RB,26.69,"CBS Sports consensus ADP, user-provided screenshots Aug 2026"
Trey McBride,TE,27.83,"CBS Sports consensus ADP, user-provided screenshots Aug 2026"
Nico Collins,WR,27.83,"CBS Sports consensus ADP, user-provided screenshots Aug 2026"
Josh Jacobs,RB,28.13,"CBS Sports consensus ADP, user-provided screenshots Aug 2026"
Brock Bowers,TE,28.13,"CBS Sports consensus ADP, user-provided screenshots Aug 2026"
Chris Olave,WR,30.15,"CBS Sports consensus ADP, user-provided screenshots Aug 2026"
Jeremiyah Love,RB,30.26,"CBS Sports consensus ADP, user-provided screenshots Aug 2026"
Cam Skattebo,RB,31.74,"CBS Sports consensus ADP, user-provided screenshots Aug 2026"
Breece Hall,RB,32.6,"CBS Sports consensus ADP, user-provided screenshots Aug 2026"
Malik Nabers,WR,33.84,"CBS Sports consensus ADP, user-provided screenshots Aug 2026"
Javonte Williams,RB,36.12,"CBS Sports consensus ADP, user-provided screenshots Aug 2026"
Zay Flowers,WR,37.47,"CBS Sports consensus ADP, user-provided screenshots Aug 2026"
DeVonta Smith,WR,38.12,"CBS Sports consensus ADP, user-provided screenshots Aug 2026"
Emeka Egbuka,WR,39.66,"CBS Sports consensus ADP, user-provided screenshots Aug 2026"
Tee Higgins,WR,40.41,"CBS Sports consensus ADP, user-provided screenshots Aug 2026"
D'Andre Swift,RB,40.77,"CBS Sports consensus ADP, user-provided screenshots Aug 2026"
Lamar Jackson,QB,41.39,"CBS Sports consensus ADP, user-provided screenshots Aug 2026"
Bucky Irving,RB,41.44,"CBS Sports consensus ADP, user-provided screenshots Aug 2026"
Travis Etienne Jr.,RB,43.36,"CBS Sports consensus ADP, user-provided screenshots Aug 2026"
Tetairoa McMillan,WR,44.37,"CBS Sports consensus ADP, user-provided screenshots Aug 2026"
Ladd McConkey,WR,45.08,"CBS Sports consensus ADP, user-provided screenshots Aug 2026"
Colston Loveland,TE,45.54,"CBS Sports consensus ADP, user-provided screenshots Aug 2026"
Quinshon Judkins,RB,48.19,"CBS Sports consensus ADP, user-provided screenshots Aug 2026"
Garrett Wilson,WR,48.73,"CBS Sports consensus ADP, user-provided screenshots Aug 2026"
Joe Burrow,QB,50.95,"CBS Sports consensus ADP, user-provided screenshots Aug 2026"
Jaylen Waddle,WR,53.36,"CBS Sports consensus ADP, user-provided screenshots Aug 2026"
Drake Maye,QB,54.06,"CBS Sports consensus ADP, user-provided screenshots Aug 2026"
Tyler Warren,TE,54.22,"CBS Sports consensus ADP, user-provided screenshots Aug 2026"
David Montgomery,RB,54.86,"CBS Sports consensus ADP, user-provided screenshots Aug 2026"
Bhayshul Tuten,RB,56.47,"CBS Sports consensus ADP, user-provided screenshots Aug 2026"
Terry McLaurin,WR,57.38,"CBS Sports consensus ADP, user-provided screenshots Aug 2026"
Davante Adams,WR,58.58,"CBS Sports consensus ADP, user-provided screenshots Aug 2026"
Jameson Williams,WR,59.41,"CBS Sports consensus ADP, user-provided screenshots Aug 2026"
Dak Prescott,QB,59.72,"CBS Sports consensus ADP, user-provided screenshots Aug 2026"
DJ Moore,WR,61.71,"CBS Sports consensus ADP, user-provided screenshots Aug 2026"
Rome Odunze,WR,62.72,"CBS Sports consensus ADP, user-provided screenshots Aug 2026"
Luther Burden III,WR,63.32,"CBS Sports consensus ADP, user-provided screenshots Aug 2026"
TreVeyon Henderson,RB,63.47,"CBS Sports consensus ADP, user-provided screenshots Aug 2026"
Jayden Daniels,QB,64.53,"CBS Sports consensus ADP, user-provided screenshots Aug 2026"
Mike Evans,WR,65.98,"CBS Sports consensus ADP, user-provided screenshots Aug 2026"
Sam LaPorta,TE,68.05,"CBS Sports consensus ADP, user-provided screenshots Aug 2026"
Jalen Hurts,QB,71.29,"CBS Sports consensus ADP, user-provided screenshots Aug 2026"
Tony Pollard,RB,74.5,"CBS Sports consensus ADP, user-provided screenshots Aug 2026"
Christian Watson,WR,74.65,"CBS Sports consensus ADP, user-provided screenshots Aug 2026"
Jaylen Warren,RB,74.67,"CBS Sports consensus ADP, user-provided screenshots Aug 2026"
Caleb Williams,QB,75.27,"CBS Sports consensus ADP, user-provided screenshots Aug 2026"
Tucker Kraft,TE,75.3,"CBS Sports consensus ADP, user-provided screenshots Aug 2026"
Marvin Harrison Jr.,WR,76.02,"CBS Sports consensus ADP, user-provided screenshots Aug 2026"
RJ Harvey,RB,77.85,"CBS Sports consensus ADP, user-provided screenshots Aug 2026"
Rico Dowdle,RB,79.86,"CBS Sports consensus ADP, user-provided screenshots Aug 2026"
Courtland Sutton,WR,80.17,"CBS Sports consensus ADP, user-provided screenshots Aug 2026"
Harold Fannin Jr.,TE,82.82,"CBS Sports consensus ADP, user-provided screenshots Aug 2026"
Rhamondre Stevenson,RB,83.82,"CBS Sports consensus ADP, user-provided screenshots Aug 2026"
Brian Thomas Jr.,WR,84.66,"CBS Sports consensus ADP, user-provided screenshots Aug 2026"
Dallas Goedert,TE,84.73,"CBS Sports consensus ADP, user-provided screenshots Aug 2026"
Justin Herbert,QB,85.7,"CBS Sports consensus ADP, user-provided screenshots Aug 2026"
Trevor Lawrence,QB,86.12,"CBS Sports consensus ADP, user-provided screenshots Aug 2026"
DK Metcalf,WR,90.41,"CBS Sports consensus ADP, user-provided screenshots Aug 2026"
Chuba Hubbard,RB,90.67,"CBS Sports consensus ADP, user-provided screenshots Aug 2026"
J.K. Dobbins,RB,91.54,"CBS Sports consensus ADP, user-provided screenshots Aug 2026"
Matthew Stafford,QB,93.08,"CBS Sports consensus ADP, user-provided screenshots Aug 2026"
George Kittle,TE,93.66,"CBS Sports consensus ADP, user-provided screenshots Aug 2026"
Brock Purdy,QB,94.83,"CBS Sports consensus ADP, user-provided screenshots Aug 2026"
Isaiah Likely,TE,96.9,"CBS Sports consensus ADP, user-provided screenshots Aug 2026"
Jonathon Brooks,RB,97.11,"CBS Sports consensus ADP, user-provided screenshots Aug 2026"
Chris Godwin Jr.,WR,97.12,"CBS Sports consensus ADP, user-provided screenshots Aug 2026"
Kenneth Gainwell,RB,99.54,"CBS Sports consensus ADP, user-provided screenshots Aug 2026"
Patrick Mahomes,QB,99.75,"CBS Sports consensus ADP, user-provided screenshots Aug 2026"
Quentin Johnston,WR,100.6,"CBS Sports consensus ADP, user-provided screenshots Aug 2026"
Travis Kelce,TE,101.55,"CBS Sports consensus ADP, user-provided screenshots Aug 2026"
Jaxson Dart,QB,101.88,"CBS Sports consensus ADP, user-provided screenshots Aug 2026"
Jordan Mason,RB,102.82,"CBS Sports consensus ADP, user-provided screenshots Aug 2026"
Wan'Dale Robinson,WR,103.25,"CBS Sports consensus ADP, user-provided screenshots Aug 2026"
Brandon Aubrey,K,105.68,"CBS Sports consensus ADP, user-provided screenshots Aug 2026"
Jacory Croskey-Merritt,RB,106.13,"CBS Sports consensus ADP, user-provided screenshots Aug 2026"
Garrett Wilson,WR,107.76,"CBS Sports consensus ADP, user-provided screenshots Aug 2026"
Jared Goff,QB,108.01,"CBS Sports consensus ADP, user-provided screenshots Aug 2026"
Blake Corum,RB,108.18,"CBS Sports consensus ADP, user-provided screenshots Aug 2026"
Josh Downs,WR,108.53,"CBS Sports consensus ADP, user-provided screenshots Aug 2026"
Michael Pittman Jr.,WR,113.84,"CBS Sports consensus ADP, user-provided screenshots Aug 2026"
Jordan Addison,WR,117.27,"CBS Sports consensus ADP, user-provided screenshots Aug 2026"
Rachaad White,RB,118.41,"CBS Sports consensus ADP, user-provided screenshots Aug 2026"
Terrance Ferguson,TE,119.27,"CBS Sports consensus ADP, user-provided screenshots Aug 2026"
Bo Nix,QB,121.41,"CBS Sports consensus ADP, user-provided screenshots Aug 2026"
Stefon Diggs,WR,121.48,"CBS Sports consensus ADP, user-provided screenshots Aug 2026"
Mark Andrews,TE,121.58,"CBS Sports consensus ADP, user-provided screenshots Aug 2026"
Jason Myers,K,121.64,"CBS Sports consensus ADP, user-provided screenshots Aug 2026"
Dalton Kincaid,TE,123.4,"CBS Sports consensus ADP, user-provided screenshots Aug 2026"
Deebo Samuel,WR,124.61,"CBS Sports consensus ADP, user-provided screenshots Aug 2026"
Baker Mayfield,QB,125.27,"CBS Sports consensus ADP, user-provided screenshots Aug 2026"
Jayden Reed,WR,126.51,"CBS Sports consensus ADP, user-provided screenshots Aug 2026"
Tyrone Tracy Jr.,RB,128.96,"CBS Sports consensus ADP, user-provided screenshots Aug 2026"
Ka'imi Fairbairn,K,129.09,"CBS Sports consensus ADP, user-provided screenshots Aug 2026"
Zach Charbonnet,RB,129.43,"CBS Sports consensus ADP, user-provided screenshots Aug 2026"
Alvin Kamara,RB,132.3,"CBS Sports consensus ADP, user-provided screenshots Aug 2026"
Kyler Murray,QB,132.46,"CBS Sports consensus ADP, user-provided screenshots Aug 2026"
Xavier Worthy,WR,134.88,"CBS Sports consensus ADP, user-provided screenshots Aug 2026"
Matthew Golden,WR,136.48,"CBS Sports consensus ADP, user-provided screenshots Aug 2026"
Cameron Dicker,K,137.36,"CBS Sports consensus ADP, user-provided screenshots Aug 2026"
Sam Darnold,QB,137.52,"CBS Sports consensus ADP, user-provided screenshots Aug 2026"
Brenton Strange,TE,137.96,"CBS Sports consensus ADP, user-provided screenshots Aug 2026"
Woody Marks,RB,138.97,"CBS Sports consensus ADP, user-provided screenshots Aug 2026"
Tank Dell,WR,138.99,"CBS Sports consensus ADP, user-provided screenshots Aug 2026"
Isiah Pacheco,RB,139.96,"CBS Sports consensus ADP, user-provided screenshots Aug 2026"
Khalil Shakir,WR,140.17,"CBS Sports consensus ADP, user-provided screenshots Aug 2026"
Jordan Love,QB,140.74,"CBS Sports consensus ADP, user-provided screenshots Aug 2026"
Romeo Doubs,WR,142.18,"CBS Sports consensus ADP, user-provided screenshots Aug 2026"
Rashid Shaheed,WR,142.45,"CBS Sports consensus ADP, user-provided screenshots Aug 2026"
Tyjae Spears,RB,142.79,"CBS Sports consensus ADP, user-provided screenshots Aug 2026"
Jayden Higgins,WR,143.1,"CBS Sports consensus ADP, user-provided screenshots Aug 2026"
Tyler Shough,QB,143.63,"CBS Sports consensus ADP, user-provided screenshots Aug 2026"
Jalen Coker,WR,145.49,"CBS Sports consensus ADP, user-provided screenshots Aug 2026"
Juwan Johnson,TE,145.71,"CBS Sports consensus ADP, user-provided screenshots Aug 2026"
Daniel Jones,QB,147.41,"CBS Sports consensus ADP, user-provided screenshots Aug 2026"
Tyler Allgeier,RB,147.86,"CBS Sports consensus ADP, user-provided screenshots Aug 2026"
Cam Little,K,150.65,"CBS Sports consensus ADP, user-provided screenshots Aug 2026"
Jake Bates,K,151.22,"CBS Sports consensus ADP, user-provided screenshots Aug 2026"
Dylan Sampson,RB,153.38,"CBS Sports consensus ADP, user-provided screenshots Aug 2026"
C.J. Stroud,QB,154.33,"CBS Sports consensus ADP, user-provided screenshots Aug 2026"
Nick Folk,K,154.68,"CBS Sports consensus ADP, user-provided screenshots Aug 2026"
Hunter Henry,TE,154.73,"CBS Sports consensus ADP, user-provided screenshots Aug 2026"
Blake Grupe,K,155.42,"CBS Sports consensus ADP, user-provided screenshots Aug 2026"
Harrison Mevis,K,156.52,"CBS Sports consensus ADP, user-provided screenshots Aug 2026"
Jerry Jeudy,WR,157.18,"CBS Sports consensus ADP, user-provided screenshots Aug 2026"
Chig Okonkwo,TE,157.49,"CBS Sports consensus ADP, user-provided screenshots Aug 2026"
Brian Robinson,RB,158.15,"CBS Sports consensus ADP, user-provided screenshots Aug 2026"
Tank Bigsby,RB,158.18,"CBS Sports consensus ADP, user-provided screenshots Aug 2026"
Harrison Butker,K,159.58,"CBS Sports consensus ADP, user-provided screenshots Aug 2026"
Cairo Santos,K,160.06,"CBS Sports consensus ADP, user-provided screenshots Aug 2026"
Rashod Bateman,WR,161.17,"CBS Sports consensus ADP, user-provided screenshots Aug 2026"
Tyler Loop,K,161.71,"CBS Sports consensus ADP, user-provided screenshots Aug 2026"
Chase McLaughlin,K,161.76,"CBS Sports consensus ADP, user-provided screenshots Aug 2026"
Braelon Allen,RB,161.91,"CBS Sports consensus ADP, user-provided screenshots Aug 2026"
Cooper Kupp,WR,161.92,"CBS Sports consensus ADP, user-provided screenshots Aug 2026"
Cooper Kupp,WR,162.07,"CBS Sports consensus ADP, user-provided screenshots Aug 2026"
Wil Lutz,K,162.18,"CBS Sports consensus ADP, user-provided screenshots Aug 2026"
Eddy Pineiro,K,162.91,"CBS Sports consensus ADP, user-provided screenshots Aug 2026"
Jauan Jennings,WR,163.07,"CBS Sports consensus ADP, user-provided screenshots Aug 2026"
T.J. Hockenson,TE,163.74,"CBS Sports consensus ADP, user-provided screenshots Aug 2026"
Will Reichard,K,164.59,"CBS Sports consensus ADP, user-provided screenshots Aug 2026"
Chris Boswell,K,164.89,"CBS Sports consensus ADP, user-provided screenshots Aug 2026"
Evan McPherson,K,165.05,"CBS Sports consensus ADP, user-provided screenshots Aug 2026"
Calvin Ridley,WR,166.26,"CBS Sports consensus ADP, user-provided screenshots Aug 2026"
James Conner,RB,166.39,"CBS Sports consensus ADP, user-provided screenshots Aug 2026"
Justice Hill,RB,166.43,"CBS Sports consensus ADP, user-provided screenshots Aug 2026"
Cade Otton,TE,167.11,"CBS Sports consensus ADP, user-provided screenshots Aug 2026"
