player_name,position,nfl_team,projected_points,floor,ceiling,risk_tier,explanation,rush_att_pg,bye_week,points_early,points_late,pos_rank,replacement_points,vor,overall_rank,vor_round,market_verified,market_round,market_overall_pick,tier,tier_dropoff,tier_market_rounds
Ed Oliver,DL,Bills,75.6,47.6,107.4,high,"3.3 solo + 0.7 ast tackles/g (5.5 pts/g from tackle volume alone) | 1.52 TFL/g, 0.74 sacks/g, 0.08 PD/g | Real 2025 season-ending injury on record -- games_proj discounted, not assumed fully recovered to a normal 17-game year. | listed as DT",,7.0,37.8,37.8,6,65.4,13.3,110,7,False,,,4,3.1,
Pat Bryant,WR,Broncos,74.8,47.2,106.3,high,"5.4 targets/g, 65% catch rate, 8.0 yds/target | full-PPR: every catch worth 1.0 pt (vs 0.5 in Top Teamz)",,10.0,47.8,27.0,43,60.6,13.0,113,8,False,,,22,4.5,7-9
Byron Young,DL,Rams,78.4,66.7,92.6,low,"2.6 solo + 2.2 ast tackles/g (5.6 pts/g from tackle volume alone) | 0.35 TFL/g, 0.59 sacks/g, 0.08 PD/g | Full-time starting edge rusher, dominant duo with Jared Verse | listed as DE",,11.0,49.0,29.4,5,65.4,11.9,115,8,False,,,4,3.1,
Charlie Smyth,K,Saints,45.4,38.6,53.5,low,"2.00 FG made/g (0.50 from 40-49, 0.67 from 50+) | 2.17 XP made/g",,8.0,22.7,22.7,9,41.8,8.0,125,8,False,,,7,1.5,11
Demario Davis,LB,Jets,107.7,80.8,137.8,medium,"4.4 solo + 4.0 ast tackles/g (9.6 pts/g from tackle volume alone) | 0.36 TFL/g, 0.08 sacks/g, 0.22 PD/g | Expected starter/leader for Jets defense [143 combined 2025 tackles found in research notes; solo/assist split estimated at this position's observed 53/47 average since the source didn't report the two separately -- not a fabricated total, just an estimated split.] | listed as MLB",,13.0,59.8,47.8,9,99.6,7.9,127,8,False,,,8,3.9,
Chris Boswell,K,Steelers,45.5,38.6,53.7,low,"1.59 FG made/g (0.59 from 40-49, 0.53 from 50+) | 2.47 XP made/g",,9.0,28.4,17.1,8,41.8,5.3,134,9,True,11.0,164.89,8,1.4,10-11
Jalen Thompson,DB,Cowboys,92.1,78.3,108.7,low,"3.9 solo + 2.5 ast tackles/g (7.7 pts/g from tackle volume alone) | 0.13 TFL/g, 0.06 sacks/g, 0.48 PD/g | Starter - safety | listed as S",,14.0,51.2,41.0,6,84.4,3.7,143,9,False,,,5,2.1,
Dane Belton,DB,Jets,92.0,69.0,117.7,medium,"3.5 solo + 3.5 ast tackles/g (7.9 pts/g from tackle volume alone) | 0.10 TFL/g, 0.08 sacks/g, 0.42 PD/g | Signed a 1yr/$4M deal with the Jets in March 2026, not still with the Giants. In an open competition for the starting safety job with Andre Cisco and Malachi Moore as of Aug 18, 2026 -- not a locked-in starter. | listed as S",,13.0,51.1,40.9,7,84.4,3.4,146,10,False,,,5,2.1,
Mike Gesicki,TE,Bengals,53.4,40.0,68.4,medium,"4.3 targets/g, 68% catch rate, 7.5 yds/target | full-PPR: every catch worth 1.0 pt (vs 0.5 in Top Teamz)",0.0,6.0,27.0,26.4,18,49.4,2.7,150,10,False,,,9,4.8,8
Nick Folk,K,Jets,41.8,35.6,49.4,low,"1.75 FG made/g (0.44 from 40-49, 0.44 from 50+) | 1.38 XP made/g",,13.0,23.2,18.6,16,41.8,2.4,152,10,True,10.0,154.68,9,3.8,10
Germaine Pratt,LB,Colts,103.0,77.2,131.8,medium,"4.2 solo + 3.7 ast tackles/g (9.0 pts/g from tackle volume alone) | 0.21 TFL/g, 0.08 sacks/g, 0.35 PD/g | Starter, reunited with DC in Indianapolis | listed as ILB",,13.0,57.2,45.8,13,99.6,2.3,155,10,False,,,9,2.5,
Chase McLaughlin,K,Buccaneers,42.5,36.1,50.2,low,"1.88 FG made/g (0.35 from 40-49, 0.65 from 50+) | 1.88 XP made/g",,10.0,26.6,15.9,15,41.8,1.7,157,10,True,11.0,161.76,9,3.8,10
Nnamdi Madubuike,DL,Ravens,67.8,42.7,96.2,high,"2.5 solo + 1.0 ast tackles/g (4.5 pts/g from tackle volume alone) | 0.35 TFL/g, 0.74 sacks/g, 0.08 PD/g | Real 2025 season-ending injury on record, but the same research confirms he's cleared/fully healthy for 2026 -- games_proj uses the real 'high risk' games count instead of the harsher unrecovered discount, since there's no specific 2026 games-missed signal left, just residual uncertainty until proven in game action. | listed as DT",,13.0,37.7,30.1,12,65.4,1.6,159,10,False,,,7,2.3,
Quinnen Williams,DL,Cowboys,66.8,56.8,78.9,low,"1.7 solo + 1.8 ast tackles/g (3.9 pts/g from tackle volume alone) | 0.45 TFL/g, 0.33 sacks/g, 0.08 PD/g | Full-time starter, anchors Cowboys DL alongside Kenny Clark | listed as DT",,14.0,37.1,29.7,14,65.4,0.4,166,11,False,,,7,2.3,
Jordan Davis,DL,Eagles,67.4,57.2,79.4,low,"1.9 solo + 2.1 ast tackles/g (4.4 pts/g from tackle volume alone) | 0.62 TFL/g, 0.37 sacks/g, 0.26 PD/g | Full-time nose tackle, run anchor with growing pass rush | listed as NT",,10.0,42.1,25.3,13,65.4,-1.1,173,11,False,,,7,2.3,
David Njoku,TE,Chargers,49.2,36.9,63.0,medium,"4.7 targets/g, 68% catch rate, 6.0 yds/target | full-PPR: every catch worth 1.0 pt (vs 0.5 in Top Teamz)",0.0,7.0,24.1,25.1,20,49.4,-2.1,176,11,False,,,10,6.7,
Zane Gonzalez,K,Falcons,39.0,29.2,49.9,medium,"2.11 FG made/g (0.89 from 40-49, 0.78 from 50+) | 1.89 XP made/g",,11.0,24.4,14.6,19,41.8,-2.5,178,12,False,,,10,1.5,11
DaRon Bland,DB,Cowboys,86.3,64.7,110.5,medium,"3.8 solo + 2.3 ast tackles/g (7.4 pts/g from tackle volume alone) | 0.22 TFL/g, 0.03 sacks/g, 0.53 PD/g | Starter - outside corner | listed as CB",,14.0,47.9,38.4,13,84.4,-3.5,181,12,False,,,7,1.5,
Joey Slye,K,Titans,37.7,32.0,44.5,low,"1.75 FG made/g (0.44 from 40-49, 0.56 from 50+) | 1.62 XP made/g",,9.0,23.6,14.1,20,41.8,-4.0,185,12,False,,,11,1.5,11
Bobby Wagner,LB,Free agent (unsigned),97.3,61.3,138.1,high,"4.6 solo + 4.9 ast tackles/g (10.6 pts/g from tackle volume alone) | 0.21 TFL/g, 0.21 sacks/g, 0.28 PD/g | Unsigned as of Aug 2026 -- games_proj discounted for a landing-spot/ramp-up gap even if he signs before the draft. | listed as MLB",,,54.0,43.2,19,99.6,-4.8,188,12,False,,,11,2.1,
Wil Lutz,K,Broncos,37.0,31.4,43.6,low,"1.65 FG made/g (0.18 from 40-49, 0.23 from 50+) | 2.29 XP made/g",,10.0,23.1,13.9,22,41.8,-4.8,189,12,True,11.0,162.18,11,1.5,11
Tyson Campbell,DB,CLE/JAX,85.2,72.4,100.5,low,"3.2 solo + 1.9 ast tackles/g (6.2 pts/g from tackle volume alone) | 0.10 TFL/g, 0.03 sacks/g, 0.81 PD/g | Starter - outside corner | listed as CB",,,47.3,37.8,14,84.4,-5.0,190,12,False,,,7,1.5,
Ben Sauls,K,Giants,34.6,26.0,44.4,medium,"2.67 FG made/g (0.33 from 40-49, 0.00 from 50+) | 2.33 XP made/g",,8.0,17.3,17.3,23,41.8,-5.5,193,13,False,,,11,1.5,11
Zach Sieler,DL,Dolphins,60.4,51.3,71.2,low,"1.7 solo + 1.1 ast tackles/g (3.4 pts/g from tackle volume alone) | 0.71 TFL/g, 0.40 sacks/g, 0.14 PD/g | Team captain, full-time starting interior DL/run anchor | listed as DT",,6.0,30.2,30.2,21,65.4,-5.7,196,13,False,,,8,3.8,
Geno Smith,QB,Jets,117.4,88.1,150.3,medium,"34.0 pass att/g x 6.8 YPA, 3.0% TD rate (1pt/25 pass yds here, double Top Teamz's rate) | 2.0 rush att/g at 3.5 YPC",,13.0,64.5,52.9,19,123.0,-6.0,197,13,False,,,4,7.8,9
Nik Bonitto,DL,Broncos,63.2,53.8,74.6,low,"1.8 solo + 0.9 ast tackles/g (3.4 pts/g from tackle volume alone) | 0.35 TFL/g, 0.65 sacks/g, 0.11 PD/g | Full-time starting edge rusher, elite pass rusher | listed as DE",,10.0,39.5,23.7,18,65.4,-6.2,198,13,False,,,8,3.8,
Graham Gano,K,Giants,34.0,28.9,40.1,low,"1.80 FG made/g (0.20 from 40-49, 0.20 from 50+) | 1.80 XP made/g",,8.0,17.0,17.0,25,41.8,-6.2,200,13,False,,,11,1.5,11
Paulson Adebo,DB,Giants,81.6,61.2,104.4,medium,"4.7 solo + 1.4 ast tackles/g (8.1 pts/g from tackle volume alone) | 0.10 TFL/g, 0.03 sacks/g, 0.61 PD/g | Starter - outside corner | listed as CB",,8.0,40.8,40.8,24,84.4,-7.0,204,13,False,,,8,1.1,
Dee Winters,LB,Cowboys,95.0,80.8,112.1,low,"3.9 solo + 2.0 ast tackles/g (7.4 pts/g from tackle volume alone) | 0.45 TFL/g, 0.08 sacks/g, 0.31 PD/g | Starter, traded from SF to Dallas in 2026 NFL Draft (Day 2 trade) | listed as ILB",,14.0,52.8,42.2,21,99.6,-7.5,207,13,False,,,12,2.2,
Bobby Okereke,LB,Panthers,92.6,58.4,131.5,high,"6.1 solo + 2.4 ast tackles/g (10.9 pts/g from tackle volume alone) | 0.21 TFL/g, 0.11 sacks/g, 0.34 PD/g | Signed a 1-year deal with Carolina around the Aug 30-31, 2026 cutdown deadline -- a very late signing behind incumbent Devin Lloyd, likely depth/insurance rather than a clear three-down job. | listed as ILB",,5.0,46.3,46.3,22,99.6,-7.8,209,14,False,,,12,2.2,
Geno Stone,DB,Bengals,80.6,68.4,95.0,low,"3.8 solo + 2.3 ast tackles/g (7.5 pts/g from tackle volume alone) | 0.10 TFL/g, 0.08 sacks/g, 0.39 PD/g | Starter - single-high/box hybrid | listed as S",,6.0,40.3,40.3,26,84.4,-8.2,212,14,False,,,8,1.1,
Jake Elliott,K,Eagles,34.0,28.9,40.1,low,"1.18 FG made/g (0.41 from 40-49, 0.23 from 50+) | 2.41 XP made/g",,10.0,21.2,12.8,24,41.8,-8.4,214,14,False,,,12,2.0,
Michael Badgley,K,Bills,32.1,27.3,37.9,low,"1.22 FG made/g (0.56 from 40-49, 0.22 from 50+) | 2.22 XP made/g",,7.0,16.0,16.0,27,41.8,-8.8,215,14,False,,,12,2.0,
Camryn Bynum,DB,Colts,81.8,69.6,96.6,low,"2.9 solo + 1.8 ast tackles/g (5.8 pts/g from tackle volume alone) | 0.19 TFL/g, 0.05 sacks/g, 0.51 PD/g | Starter - safety | listed as S",,13.0,45.5,36.4,23,84.4,-8.9,217,14,False,,,8,1.1,
Nick Scott,DB,Panthers,79.5,67.6,93.8,low,"3.8 solo + 2.8 ast tackles/g (7.7 pts/g from tackle volume alone) | 0.10 TFL/g, 0.03 sacks/g, 0.36 PD/g | Starter - box safety | listed as S",,5.0,39.8,39.8,29,84.4,-9.5,222,14,False,,,8,1.1,
Rashod Bateman,WR,Ravens,53.7,40.3,68.8,medium,"4.4 targets/g, 62% catch rate, 7.0 yds/target | full-PPR: every catch worth 1.0 pt (vs 0.5 in Top Teamz)",0.0,13.0,30.1,23.6,62,60.6,-9.8,223,14,True,11.0,161.17,27,2.5,11
Minkah Fitzpatrick,DB,Dolphins,78.8,59.0,100.8,medium,"4.2 solo + 1.6 ast tackles/g (7.6 pts/g from tackle volume alone) | 0.10 TFL/g, 0.06 sacks/g, 0.49 PD/g | Starter - free safety | listed as S",,6.0,39.4,39.4,30,84.4,-10.5,228,15,False,,,8,1.1,
Chad Ryland,K,Cardinals,31.0,23.2,39.7,medium,"1.47 FG made/g (0.41 from 40-49, 0.35 from 50+) | 2.12 XP made/g",,14.0,17.2,13.8,28,41.8,-10.8,232,15,False,,,13,2.2,10
Nate Wiggins,DB,Ravens,80.2,68.1,94.6,low,"3.4 solo + 1.1 ast tackles/g (5.9 pts/g from tackle volume alone) | 0.10 TFL/g, 0.03 sacks/g, 0.69 PD/g | Starter - outside corner | listed as CB",,13.0,44.5,35.6,27,84.4,-11.1,234,15,False,,,8,1.1,
Eric Wilson,LB,Vikings,89.8,76.4,106.0,low,"3.5 solo + 3.2 ast tackles/g (7.7 pts/g from tackle volume alone) | 0.21 TFL/g, 0.27 sacks/g, 0.16 PD/g | Starter, three-down alongside Blake Cashman | listed as ILB",,6.0,44.9,44.9,25,99.6,-11.4,237,15,False,,,13,1.8,
DeShon Elliott,DB,Steelers,82.2,51.8,116.8,high,"4.0 solo + 3.6 ast tackles/g (8.7 pts/g from tackle volume alone) | 0.15 TFL/g, 0.12 sacks/g, 0.48 PD/g | Starter - strong safety (if healthy) | listed as S",,9.0,51.4,30.8,21,84.4,-11.4,238,15,False,,,8,1.1,
Quentin Lake,DB,Rams,82.0,61.5,105.0,medium,"3.7 solo + 2.4 ast tackles/g (7.4 pts/g from tackle volume alone) | 0.10 TFL/g, 0.07 sacks/g, 0.78 PD/g | Starter, injury-shortened season but healthy for playoffs/2026 | listed as S",,11.0,51.2,30.8,22,84.4,-11.6,239,15,False,,,8,1.1,
Xavier Watts,DB,Falcons,81.0,68.9,95.6,low,"3.5 solo + 2.2 ast tackles/g (6.8 pts/g from tackle volume alone) | 0.10 TFL/g, 0.03 sacks/g, 0.60 PD/g | Starter - safety | listed as S",,11.0,50.7,30.4,25,84.4,-12.7,242,16,False,,,9,1.4,
Isaiah Pola-Mao,DB,Raiders,78.8,59.1,100.9,medium,"3.4 solo + 2.0 ast tackles/g (6.6 pts/g from tackle volume alone) | 0.27 TFL/g, 0.03 sacks/g, 0.39 PD/g | Starter - safety | listed as S",,13.0,43.8,35.0,31,84.4,-12.7,243,16,False,,,9,1.4,
Riley Patterson,K,Dolphins,28.6,21.5,36.6,medium,"1.59 FG made/g (0.65 from 40-49, 0.18 from 50+) | 2.00 XP made/g",,6.0,14.3,14.3,31,41.8,-13.0,244,16,False,,,14,1.6,
Andre Szmyt,K,Browns,30.0,25.5,35.4,low,"1.41 FG made/g (0.29 from 40-49, 0.29 from 50+) | 1.47 XP made/g",,11.0,18.8,11.2,29,41.8,-13.2,245,16,False,,,14,1.6,
Byron Murphy II,DL,Seahawks,57.4,48.8,67.6,low,"1.3 solo + 1.9 ast tackles/g (3.4 pts/g from tackle volume alone) | 0.56 TFL/g, 0.45 sacks/g, 0.08 PD/g | Emerging full-time 3-tech pass rusher; PFF All-Breakout Team | listed as DT",,11.0,35.8,21.5,24,65.4,-13.2,247,16,False,,,9,2.1,
Christian Kirk,WR,49ers,49.6,31.3,70.4,high,"5.1 targets/g, 65% catch rate, 7.0 yds/target | full-PPR: every catch worth 1.0 pt (vs 0.5 in Top Teamz)",0.0,8.0,24.8,24.8,68,60.6,-13.3,248,16,False,,,28,4.3,7
Blake Grupe,K,Colts,28.8,21.6,36.8,medium,"1.81 FG made/g (0.19 from 40-49, 0.44 from 50+) | 1.56 XP made/g",,13.0,16.0,12.8,30,41.8,-13.6,249,16,True,10.0,155.42,14,1.6,
Ryan Fitzgerald,K,Panthers,27.5,23.4,32.4,low,"1.41 FG made/g (0.47 from 40-49, 0.12 from 50+) | 1.59 XP made/g",,5.0,13.8,13.8,32,41.8,-14.2,252,16,False,,,14,1.6,
Troy Franklin,WR,Broncos,51.6,38.7,66.1,medium,"4.0 targets/g, 62% catch rate, 6.8 yds/target | full-PPR: every catch worth 1.0 pt (vs 0.5 in Top Teamz)",0.0,10.0,33.0,18.7,66,60.6,-14.3,254,16,False,,,28,4.3,7
Payton Wilson,LB,Steelers,92.0,78.2,108.5,low,"4.4 solo + 3.1 ast tackles/g (8.8 pts/g from tackle volume alone) | 0.21 TFL/g, 0.08 sacks/g, 0.22 PD/g | Starter, three-down | listed as ILB",,9.0,57.5,34.5,23,99.6,-14.4,255,16,False,,,14,3.4,
Jake Moody,K,Commanders,27.4,20.6,35.2,medium,"2.11 FG made/g (0.56 from 40-49, 0.22 from 50+) | 1.67 XP made/g",,7.0,13.7,13.7,33,41.8,-14.5,256,16,False,,,14,1.6,
Joshua Karty,K,Cardinals,27.4,20.6,35.2,medium,"1.25 FG made/g (0.38 from 40-49, 0.12 from 50+) | 2.88 XP made/g",,14.0,15.2,12.2,34,41.8,-15.2,258,17,False,,,14,1.6,
Kool-Aid McKinstry,DB,Saints,75.0,63.8,88.6,low,"3.5 solo + 1.0 ast tackles/g (6.0 pts/g from tackle volume alone) | 0.19 TFL/g, 0.03 sacks/g, 0.78 PD/g | Starter - outside corner | listed as CB",,8.0,37.5,37.5,36,84.4,-15.2,259,17,False,,,11,1.3,
Rashan Gary,DL,Packers,55.6,41.6,71.1,medium,"1.6 solo + 1.2 ast tackles/g (3.3 pts/g from tackle volume alone) | 0.57 TFL/g, 0.48 sacks/g, 0.08 PD/g | Uncertain -- reported a farewell message to the Packers organization, 2026 team destination not clearly confirmed in research | listed as DE",,11.0,34.7,20.8,26,65.4,-15.3,260,17,False,,,10,3.0,
Khalil Mack,DL,Chargers,52.6,39.5,67.4,medium,"1.4 solo + 1.3 ast tackles/g (3.1 pts/g from tackle volume alone) | 0.35 TFL/g, 0.47 sacks/g, 0.08 PD/g | Starting edge rusher when healthy, but missed real time in 2025 [32 combined 2025 tackles found in research notes; solo/assist split estimated at this position's observed 53/47 average since the source didn't report the two separately -- not a fabricated total, just an estimated split.] | listed as DE",,7.0,26.3,26.3,28,65.4,-15.4,263,17,False,,,10,3.0,
Jalen Pitre,DB,Texans,74.4,55.8,95.3,medium,"3.1 solo + 2.2 ast tackles/g (6.3 pts/g from tackle volume alone) | 0.20 TFL/g, 0.03 sacks/g, 0.70 PD/g | Starter - box/slot safety | listed as S",,8.0,37.2,37.2,37,84.4,-16.0,265,17,False,,,11,1.3,
Alontae Taylor,DB,Saints,73.9,62.8,87.2,low,"3.5 solo + 1.4 ast tackles/g (6.3 pts/g from tackle volume alone) | 0.10 TFL/g, 0.08 sacks/g, 0.60 PD/g | Starter - outside corner | listed as CB",,8.0,37.0,37.0,39,84.4,-16.5,269,17,False,,,11,1.3,
Matthew Wright,K,Texans,25.5,21.7,30.1,low,"1.25 FG made/g (0.75 from 40-49, 0.00 from 50+) | 1.00 XP made/g",,8.0,12.8,12.8,36,41.8,-16.8,270,17,False,,,15,3.8,
Devon Witherspoon,DB,Seahawks,77.7,58.3,99.4,medium,"4.0 solo + 2.0 ast tackles/g (7.5 pts/g from tackle volume alone) | 0.10 TFL/g, 0.05 sacks/g, 0.57 PD/g | Starter - outside corner | listed as CB",,11.0,48.6,29.1,32,84.4,-16.8,271,17,False,,,11,1.3,
Parker Romo,K,Falcons,26.7,22.7,31.5,low,"1.57 FG made/g (0.14 from 40-49, 0.14 from 50+) | 1.71 XP made/g",,11.0,16.7,10.0,35,41.8,-17.0,272,17,False,,,15,3.8,
Antoine Winfield Jr.,DB,Buccaneers,76.4,65.0,90.2,low,"3.1 solo + 2.4 ast tackles/g (6.4 pts/g from tackle volume alone) | 0.21 TFL/g, 0.05 sacks/g, 0.51 PD/g | Starter - box/slot hybrid safety | listed as S",,10.0,47.8,28.6,34,84.4,-18.3,274,18,False,,,11,1.3,
Bradley Chubb,DL,Free agent (unsigned),51.2,32.2,72.7,high,"1.4 solo + 1.4 ast tackles/g (3.1 pts/g from tackle volume alone) | 0.59 TFL/g, 0.49 sacks/g, 0.08 PD/g | Unsigned as of Aug 2026 -- games_proj discounted for a landing-spot/ramp-up gap even if he signs before the draft. | listed as DE",,,28.4,22.8,29,65.4,-18.6,276,18,False,,,11,5.0,
Mike Jackson,DB,Panthers,71.9,61.1,84.8,low,"3.2 solo + 0.8 ast tackles/g (5.4 pts/g from tackle volume alone) | 0.10 TFL/g, 0.03 sacks/g, 0.83 PD/g | Starter - outside corner | listed as CB",,5.0,36.0,36.0,44,84.4,-19.0,280,18,False,,,11,1.3,
Brian Branch,DB,Lions,71.9,45.3,102.1,high,"4.0 solo + 2.2 ast tackles/g (7.7 pts/g from tackle volume alone) | 0.10 TFL/g, 0.13 sacks/g, 0.65 PD/g | Real 2025 season-ending injury on record, but the same research confirms he's cleared/fully healthy for 2026 -- games_proj uses the real 'high risk' games count instead of the harsher unrecovered discount, since there's no specific 2026 games-missed signal left, just residual uncertainty until proven in game action. | listed as S/CB",,6.0,36.0,36.0,43,84.4,-19.0,281,18,False,,,11,1.3,
Quan Martin,DB,Commanders,71.8,61.0,84.6,low,"3.1 solo + 2.8 ast tackles/g (6.7 pts/g from tackle volume alone) | 0.21 TFL/g, 0.03 sacks/g, 0.36 PD/g | Starter - box safety | listed as S",,7.0,35.9,35.9,45,84.4,-19.2,282,18,False,,,11,1.3,
Josh Metellus,DB,Vikings,71.7,53.8,91.8,medium,"3.0 solo + 3.1 ast tackles/g (6.9 pts/g from tackle volume alone) | 0.10 TFL/g, 0.04 sacks/g, 0.49 PD/g | Starter - box safety | listed as S",,6.0,35.8,35.8,46,84.4,-19.5,283,18,False,,,11,1.3,
Jaylin Noel,WR,Texans,43.8,27.6,62.2,high,"4.0 targets/g, 62% catch rate, 7.0 yds/target | full-PPR: every catch worth 1.0 pt (vs 0.5 in Top Teamz)",,8.0,21.9,21.9,71,60.6,-20.6,287,18,False,,,30,1.8,
Matt Prater,K,Bills,22.4,14.1,31.8,high,"1.20 FG made/g (0.40 from 40-49, 0.07 from 50+) | 3.07 XP made/g",,7.0,11.2,11.2,38,41.8,-20.8,288,18,False,,,16,2.2,
Trent McDuffie,DB,Rams,74.3,55.7,95.1,medium,"3.5 solo + 1.4 ast tackles/g (6.2 pts/g from tackle volume alone) | 0.14 TFL/g, 0.06 sacks/g, 0.28 PD/g | Starter - outside corner | listed as CB",,11.0,46.4,27.9,38,84.4,-20.8,289,19,False,,,12,1.7,
Dee Alford,DB,Falcons,73.8,62.8,87.2,low,"3.4 solo + 0.8 ast tackles/g (5.7 pts/g from tackle volume alone) | 0.10 TFL/g, 0.09 sacks/g, 0.68 PD/g | Starter - slot/outside corner | listed as CB",,11.0,46.2,27.7,41,84.4,-21.2,291,19,False,,,12,1.7,
Matt Gay,K,Raiders,22.6,16.9,28.9,medium,"1.42 FG made/g (0.00 from 40-49, 0.00 from 50+) | 2.17 XP made/g",,13.0,12.5,10.0,37,41.8,-21.2,292,19,False,,,16,2.2,
Nakobe Dean,LB,Raiders,83.6,62.7,107.0,medium,"3.0 solo + 2.5 ast tackles/g (6.4 pts/g from tackle volume alone) | 0.21 TFL/g, 0.28 sacks/g, 0.21 PD/g | Starter, paired with Quay Walker | listed as ILB",,13.0,46.4,37.2,31,99.6,-21.4,294,19,False,,,16,2.3,
Grant Delpit,DB,Browns,73.5,62.5,86.8,low,"2.8 solo + 2.4 ast tackles/g (6.0 pts/g from tackle volume alone) | 0.23 TFL/g, 0.11 sacks/g, 0.39 PD/g | Starter - safety | listed as S",,11.0,45.9,27.6,42,84.4,-21.7,295,19,False,,,12,1.7,
Daiyan Henley,LB,Chargers,81.1,69.0,95.7,low,"3.2 solo + 2.9 ast tackles/g (6.9 pts/g from tackle volume alone) | 0.36 TFL/g, 0.18 sacks/g, 0.16 PD/g | Starter, three-down, elite tier | listed as ILB",,7.0,40.6,40.6,32,99.6,-22.1,296,19,False,,,16,2.3,
Dadrion Taylor-Demerson,DB,Cardinals,71.1,53.3,91.0,medium,"2.7 solo + 2.2 ast tackles/g (5.7 pts/g from tackle volume alone) | 0.12 TFL/g, 0.03 sacks/g, 0.53 PD/g | Competing for starting job | listed as S",,14.0,39.5,31.6,48,84.4,-22.1,297,19,False,,,12,1.7,
Marvin Mims Jr.,WR,Broncos,44.8,28.2,63.6,high,"4.0 targets/g, 60% catch rate, 7.5 yds/target | full-PPR: every catch worth 1.0 pt (vs 0.5 in Top Teamz)",0.0,10.0,28.6,16.2,70,60.6,-22.4,300,19,False,,,31,2.8,8-10
Mike Sainristil,DB,Commanders,69.3,58.9,81.8,low,"2.7 solo + 1.8 ast tackles/g (5.4 pts/g from tackle volume alone) | 0.13 TFL/g, 0.03 sacks/g, 0.63 PD/g | Starter - slot corner | listed as CB",,7.0,34.6,34.6,50,84.4,-22.5,301,19,False,,,12,1.7,
Younghoe Koo,K,Jets,20.7,15.5,26.5,medium,"1.00 FG made/g (0.33 from 40-49, 0.00 from 50+) | 2.17 XP made/g",,13.0,11.5,9.2,40,41.8,-23.4,302,19,False,,,17,3.0,
Kaden Elliss,LB,Saints,79.8,59.8,102.1,medium,"3.5 solo + 2.8 ast tackles/g (7.3 pts/g from tackle volume alone) | 0.21 TFL/g, 0.18 sacks/g, 0.34 PD/g | Expected starter/defensive play-caller, replacing Demario Davis | listed as OLB",,8.0,39.9,39.9,34,99.6,-23.8,304,19,False,,,16,2.3,
Cade Otton,TE,Buccaneers,33.6,25.1,43.0,medium,"3.5 targets/g, 65% catch rate, 5.5 yds/target | full-PPR: every catch worth 1.0 pt (vs 0.5 in Top Teamz)",0.0,10.0,20.8,12.7,26,49.4,-24.1,305,20,True,11.0,167.11,12,3.7,10
Brandon McManus,K,Packers,20.7,13.0,29.4,high,"1.71 FG made/g (0.21 from 40-49, 0.21 from 50+) | 2.29 XP made/g",,11.0,12.9,7.8,39,41.8,-24.2,307,20,False,,,17,3.0,
Amani Hooker,DB,Titans,71.4,60.6,84.2,low,"3.6 solo + 1.4 ast tackles/g (6.5 pts/g from tackle volume alone) | 0.10 TFL/g, 0.06 sacks/g, 0.53 PD/g | Starter - safety | listed as S",,9.0,44.6,26.8,47,84.4,-24.2,308,20,False,,,13,2.4,
Kris Jenkins,DL,Bengals,45.1,33.8,57.8,medium,"1.3 solo + 1.3 ast tackles/g (2.9 pts/g from tackle volume alone) | 0.53 TFL/g, 0.29 sacks/g, 0.12 PD/g | Third-year DT expected to take a leap, full participant in same scheme for first time; part of DL rotation with Shemar Stewart, Myles Murphy, B.J. Hill | listed as DT",,6.0,22.6,22.6,32,65.4,-24.7,309,20,False,,,12,2.4,
Javon Hargrave,DL,Packers,47.3,35.4,60.6,medium,"1.1 solo + 2.1 ast tackles/g (3.3 pts/g from tackle volume alone) | 0.49 TFL/g, 0.27 sacks/g, 0.08 PD/g | Projected primary nose tackle in new 3-4 scheme reunited with DC Jonathan Gannon; Wyatt at DT, McClellan depth NT | listed as DT",,11.0,29.6,17.7,31,65.4,-25.0,310,20,False,,,12,2.4,
Kirk Cousins,QB,Raiders,101.4,63.9,144.0,high,"34.0 pass att/g x 6.8 YPA, 2.9% TD rate (1pt/25 pass yds here, double Top Teamz's rate) | pocket passer, minimal rushing equity",,13.0,57.2,44.2,25,123.0,-26.4,315,20,False,,,4,7.8,9
Daniel Carlson,K,Raiders,17.6,11.1,24.9,high,"1.29 FG made/g (0.35 from 40-49, 0.29 from 50+) | 1.24 XP made/g",,13.0,9.8,7.8,41,41.8,-27.2,319,20,False,,,18,21.6,
Drue Tranquill,LB,Chiefs,77.0,65.4,90.8,low,"3.2 solo + 2.8 ast tackles/g (7.0 pts/g from tackle volume alone) | 0.21 TFL/g, 0.14 sacks/g, 0.19 PD/g | Starter, three-down role | listed as OLB",,5.0,38.5,38.5,36,99.6,-27.4,321,21,False,,,17,3.6,
Dre'Mont Jones,DL,Patriots,45.0,33.8,57.6,medium,"1.1 solo + 1.3 ast tackles/g (2.6 pts/g from tackle volume alone) | 0.35 TFL/g, 0.44 sacks/g, 0.11 PD/g | Signed 3-yr/$39M FA deal with Patriots for 2026; expected interior/edge rotational-to-starting pass rusher | listed as DE",,11.0,28.2,16.9,33,65.4,-27.6,323,21,False,,,13,12.4,
Grady Jarrett,DL,Bears,45.0,33.7,57.6,medium,"1.0 solo + 1.8 ast tackles/g (2.8 pts/g from tackle volume alone) | 0.48 TFL/g, 0.29 sacks/g, 0.19 PD/g | Rotational interior DT / DT3-type role behind Dexter and rookie Shemar Turner; run-stuffing veteran depth | listed as DT",,10.0,28.1,16.9,34,65.4,-27.8,325,21,False,,,13,12.4,
Quincy Williams,LB,Browns,80.6,60.4,103.2,medium,"3.5 solo + 2.9 ast tackles/g (7.4 pts/g from tackle volume alone) | 0.21 TFL/g, 0.22 sacks/g, 0.43 PD/g | Expected starter, taking over Devin Bush's vacated spot | listed as ILB",,11.0,50.4,30.2,33,99.6,-27.9,326,21,False,,,17,3.6,
Alex Anzalone,LB,Lions,76.2,57.2,97.6,medium,"3.2 solo + 2.7 ast tackles/g (6.9 pts/g from tackle volume alone) | 0.21 TFL/g, 0.16 sacks/g, 0.44 PD/g | Starter, defensive signal-caller | listed as MLB",,6.0,38.1,38.1,37,99.6,-28.4,328,21,False,,,17,3.6,
Vita Vea,DL,Buccaneers,44.2,37.6,52.1,low,"0.9 solo + 1.1 ast tackles/g (2.2 pts/g from tackle volume alone) | 0.44 TFL/g, 0.37 sacks/g, 0.14 PD/g | Full-time nose/interior run-stuffer if he stays; trade destination unresolved as of Aug 2026 | listed as DT",,10.0,27.6,16.6,35,65.4,-28.7,329,21,False,,,13,12.4,
Eric Murray,DB,Jaguars,63.4,47.5,81.1,medium,"2.7 solo + 1.8 ast tackles/g (5.4 pts/g from tackle volume alone) | 0.18 TFL/g, 0.07 sacks/g, 0.53 PD/g | Starter - safety | listed as S",,7.0,31.7,31.7,54,84.4,-29.8,335,21,False,,,15,3.3,
Sheldon Rankins,DL,Texans,41.0,30.7,52.4,medium,"1.1 solo + 1.4 ast tackles/g (2.6 pts/g from tackle volume alone) | 0.35 TFL/g, 0.33 sacks/g, 0.08 PD/g | Rotational interior DT, run-stuffing/pass-rush depth | listed as DT",,8.0,20.5,20.5,38,65.4,-30.0,336,21,False,,,13,12.4,
Osa Odighizuwa,DL,49ers,40.7,30.6,52.1,medium,"1.0 solo + 1.6 ast tackles/g (2.7 pts/g from tackle volume alone) | 0.35 TFL/g, 0.32 sacks/g, 0.08 PD/g | Projected starting interior pass rusher for SF after trade; led DTs in QB hits (23) | listed as DT",,8.0,20.4,20.4,39,65.4,-30.2,337,22,False,,,13,12.4,
Foley Fatukasi,DL,Raiders,41.7,26.3,59.2,high,"1.2 solo + 0.8 ast tackles/g (2.4 pts/g from tackle volume alone) | 0.35 TFL/g, 0.43 sacks/g, 0.08 PD/g | Depth/rotational run-stuffing NT-DT; not a lock for major snaps | listed as DT",,13.0,23.2,18.5,37,65.4,-30.2,338,22,False,,,13,12.4,
Dru Phillips,DB,Giants,62.8,53.4,74.1,low,"2.9 solo + 1.0 ast tackles/g (5.1 pts/g from tackle volume alone) | 0.10 TFL/g, 0.03 sacks/g, 0.63 PD/g | Starter - slot corner | listed as CB",,8.0,31.4,31.4,55,84.4,-30.5,339,22,False,,,15,3.3,
Andre Cisco,DB,Jets,63.8,40.2,90.6,high,"3.2 solo + 1.9 ast tackles/g (6.3 pts/g from tackle volume alone) | 0.25 TFL/g, 0.03 sacks/g, 0.34 PD/g | Re-signed to a new 1-year deal (~$5.25M) in March 2026; in an open camp competition with Dane Belton (and Malachi Moore) for the starting job as of Aug 26, 2026 -- not a settled starter/rotational role. | listed as S",,13.0,35.4,28.4,53,84.4,-31.0,342,22,False,,,15,3.3,
Cole Kmet,TE,Bears,27.4,17.3,39.0,high,"3.1 targets/g, 62% catch rate, 5.5 yds/target | full-PPR: every catch worth 1.0 pt (vs 0.5 in Top Teamz)",0.0,10.0,17.2,10.3,29,49.4,-31.2,343,22,False,,,13,3.6,7
Calen Bullock,DB,Texans,62.2,52.8,73.4,low,"2.6 solo + 1.2 ast tackles/g (4.8 pts/g from tackle volume alone) | 0.10 TFL/g, 0.03 sacks/g, 0.57 PD/g | Starter - free safety | listed as S",,8.0,31.1,31.1,56,84.4,-31.2,344,22,False,,,15,3.3,
Chris Jones,DL,Chiefs,39.8,29.9,51.0,medium,"0.9 solo + 0.8 ast tackles/g (1.9 pts/g from tackle volume alone) | 0.35 TFL/g, 0.45 sacks/g, 0.14 PD/g | Full-time 3-tech/interior pass rusher, every-down starter | listed as DT",,5.0,19.9,19.9,41,65.4,-31.4,346,22,False,,,13,12.4,
Coby Bryant,DB,Bears,65.2,55.4,76.9,low,"2.6 solo + 1.7 ast tackles/g (5.2 pts/g from tackle volume alone) | 0.10 TFL/g, 0.03 sacks/g, 0.51 PD/g | Starter - slot/hybrid DB | listed as S/CB",,10.0,40.7,24.4,52,84.4,-31.7,347,22,False,,,15,3.3,
Rasul Douglas,DB,Dolphins,61.4,46.0,78.6,medium,"2.5 solo + 1.7 ast tackles/g (5.0 pts/g from tackle volume alone) | 0.10 TFL/g, 0.06 sacks/g, 0.71 PD/g | Starter - outside corner | listed as CB",,6.0,30.7,30.7,57,84.4,-32.2,348,22,False,,,15,3.3,
John Franklin-Myers,DL,Titans,40.6,34.5,47.9,low,"0.8 solo + 0.8 ast tackles/g (1.7 pts/g from tackle volume alone) | 0.35 TFL/g, 0.48 sacks/g, 0.08 PD/g | Signed 3yr/$63M with Titans Mar 2026 FA, reunites with HC Robert Saleh from Jets tenure; full-time interior/edge rusher paired with Jeffery Simmons | listed as DE",,9.0,25.4,15.2,40,65.4,-33.0,350,22,False,,,13,12.4,
Andrew Van Ginkel,LB,Vikings,72.2,54.2,92.5,medium,"2.3 solo + 2.2 ast tackles/g (5.1 pts/g from tackle volume alone) | 0.21 TFL/g, 0.37 sacks/g, 0.53 PD/g | Starter, edge/OLB pass rusher | listed as OLB",,6.0,36.1,36.1,40,99.6,-33.4,351,22,False,,,18,2.2,
Barrett Carter,LB,Bengals,72.0,54.0,92.2,medium,"3.1 solo + 3.1 ast tackles/g (7.0 pts/g from tackle volume alone) | 0.21 TFL/g, 0.08 sacks/g, 0.28 PD/g | Starter, strong rookie campaign | listed as LB",,6.0,36.0,36.0,41,99.6,-33.6,352,22,False,,,18,2.2,
Darnell Mooney,WR,Giants,32.9,20.8,46.8,high,"3.5 targets/g, 60% catch rate, 6.5 yds/target | full-PPR: every catch worth 1.0 pt (vs 0.5 in Top Teamz)",0.0,8.0,16.5,16.5,80,60.6,-34.0,353,23,False,,,34,1.6,
Terrel Bernard,LB,Bills,71.1,53.3,91.0,medium,"3.7 solo + 1.8 ast tackles/g (6.8 pts/g from tackle volume alone) | 0.21 TFL/g, 0.08 sacks/g, 0.28 PD/g | Starter when healthy, but recent injury history | listed as MLB",,7.0,35.6,35.6,44,99.6,-34.6,354,23,False,,,18,2.2,
Harold Landry,DL,Patriots,39.2,19.6,62.6,very_high,"1.7 solo + 1.5 ast tackles/g (3.8 pts/g from tackle volume alone) | 0.35 TFL/g, 0.53 sacks/g, 0.08 PD/g | Starting edge rusher when healthy, signed 3yr/$43.5M deal in 2025. On the active/PUP list as of late July 2026 recovering from offseason knee surgery, has not practiced all summer, HC Vrabel explicitly declining to rush him back. Real roster rule: anyone still on PUP past Aug 30, 2026 roster cutdown must miss the first 4 regular-season games -- which lands right on top of Rivals FCL's Week 4 scoring start, so a still-on-PUP outcome tomorrow could cost him the league's very first scored week, not just an early unscored one. [49 combined 2025 tackles found in research notes; solo/assist split estimated at this position's observed 53/47 average since the source didn't report the two separately -- not a fabricated total, just an estimated split.] | listed as DE",,11.0,24.5,14.7,42,65.4,-34.6,355,23,False,,,13,12.4,
Marquise Brown,WR,Eagles,33.9,21.3,48.1,high,"3.4 targets/g, 60% catch rate, 7.0 yds/target | full-PPR: every catch worth 1.0 pt (vs 0.5 in Top Teamz)",0.0,10.0,21.4,12.5,79,60.6,-35.2,358,23,False,,,34,1.6,
Malik Hooker,DB,Cowboys,60.0,45.0,76.8,medium,"2.3 solo + 2.0 ast tackles/g (5.0 pts/g from tackle volume alone) | 0.26 TFL/g, 0.03 sacks/g, 0.32 PD/g | Starter/rotational safety | listed as S",,14.0,33.3,26.7,59,84.4,-35.6,360,23,False,,,16,1.4,
Henry To'oTo'o,LB,Texans,70.1,59.6,82.7,low,"2.5 solo + 3.1 ast tackles/g (6.0 pts/g from tackle volume alone) | 0.21 TFL/g, 0.15 sacks/g, 0.28 PD/g | Starter, three-down, paired with Azeez Al-Shaair | listed as ILB",,8.0,35.0,35.0,46,99.6,-36.1,362,23,False,,,18,2.2,
Elandon Roberts,LB,Raiders,71.2,53.4,91.1,medium,"2.5 solo + 2.8 ast tackles/g (5.8 pts/g from tackle volume alone) | 0.39 TFL/g, 0.08 sacks/g, 0.19 PD/g | Starter/thumper role | listed as OLB",,13.0,39.5,31.6,42,99.6,-36.7,364,23,False,,,18,2.2,
Tyrique Stevenson,DB,Bears,60.6,45.4,77.6,medium,"2.8 solo + 1.0 ast tackles/g (4.9 pts/g from tackle volume alone) | 0.10 TFL/g, 0.03 sacks/g, 0.66 PD/g | Starter - outside corner | listed as CB",,10.0,37.9,22.7,58,84.4,-37.0,365,23,False,,,17,1.2,
Sauce Gardner,DB,Colts,57.9,43.4,74.1,medium,"2.5 solo + 0.7 ast tackles/g (4.4 pts/g from tackle volume alone) | 0.10 TFL/g, 0.03 sacks/g, 0.69 PD/g | Starter - outside corner | listed as CB",,13.0,32.2,25.7,61,84.4,-38.2,371,24,False,,,18,2.8,
Jevon Holland,DB,Giants,56.4,42.4,72.2,medium,"2.7 solo + 1.8 ast tackles/g (5.4 pts/g from tackle volume alone) | 0.12 TFL/g, 0.03 sacks/g, 0.46 PD/g | Starter - safety | listed as S",,8.0,28.2,28.2,62,84.4,-38.5,372,24,False,,,18,2.8,
Antonio Johnson,DB,Jaguars,55.6,47.3,65.6,low,"2.0 solo + 1.1 ast tackles/g (3.8 pts/g from tackle volume alone) | 0.10 TFL/g, 0.08 sacks/g, 0.54 PD/g | Starter - safety | listed as S",,7.0,27.8,27.8,63,84.4,-39.5,376,24,False,,,18,2.8,
T.J. Watt,LB,Steelers,70.4,59.9,83.2,low,"1.6 solo + 2.3 ast tackles/g (4.2 pts/g from tackle volume alone) | 0.21 TFL/g, 0.33 sacks/g, 0.45 PD/g | Full-time starting edge rusher, real elite talent -- Fantrax lists him as LB-eligible only in this league (Pittsburgh's 3-4 scheme), not DL; a prior version of this dataset had him misfiled under idp_dl_2026.csv as a DE, which would have made him ineligible for an LB slot on this platform -- moved here to match the real platform. | listed as OLB",,9.0,44.0,26.4,45,99.6,-40.0,378,24,False,,,18,2.2,
Zach Ertz,TE,Free agent,19.0,9.5,30.4,very_high,"3.0 targets/g, 68% catch rate, 5.5 yds/target | full-PPR: every catch worth 1.0 pt (vs 0.5 in Top Teamz)",0.0,,10.6,8.4,32,49.4,-40.7,380,24,False,,,15,3.7,6-9
Divine Deablo,LB,Falcons,69.6,52.2,89.2,medium,"2.9 solo + 2.7 ast tackles/g (6.4 pts/g from tackle volume alone) | 0.21 TFL/g, 0.12 sacks/g, 0.43 PD/g | Starter | listed as ILB",,11.0,43.5,26.1,47,99.6,-41.0,382,24,False,,,18,2.2,
Jack Bech,WR,Raiders,28.1,17.7,39.9,high,"3.1 targets/g, 60% catch rate, 6.0 yds/target | full-PPR: every catch worth 1.0 pt (vs 0.5 in Top Teamz)",0.0,13.0,15.9,12.2,86,60.6,-41.1,384,24,False,,,36,2.2,9
Charvarius Ward,DB,Colts,54.3,34.3,77.2,high,"2.4 solo + 1.1 ast tackles/g (4.5 pts/g from tackle volume alone) | 0.10 TFL/g, 0.03 sacks/g, 0.78 PD/g | Starter - outside corner (if healthy) | listed as CB",,13.0,30.2,24.2,65,84.4,-42.3,385,25,False,,,19,1.5,
Cody Simon,LB,Cardinals,66.2,49.6,84.7,medium,"2.6 solo + 2.2 ast tackles/g (5.5 pts/g from tackle volume alone) | 0.21 TFL/g, 0.10 sacks/g, 0.22 PD/g | Starter, ascending role | listed as ILB",,14.0,36.8,29.4,48,99.6,-42.7,386,25,False,,,18,2.2,
Ja'Tavion Sanders,TE,Panthers,16.7,10.5,23.8,high,"2.5 targets/g, 62% catch rate, 5.5 yds/target | full-PPR: every catch worth 1.0 pt (vs 0.5 in Top Teamz)",0.0,5.0,8.4,8.3,33,49.4,-43.0,387,25,False,,,15,3.7,6-9
Noah Fant,TE,Saints,16.6,8.3,26.5,very_high,"2.5 targets/g, 62% catch rate, 5.5 yds/target | full-PPR: every catch worth 1.0 pt (vs 0.5 in Top Teamz)",0.0,8.0,8.2,8.4,34,49.4,-43.1,388,25,False,,,15,3.7,6-9
Jayden Higgins,WR,Texans,25.6,16.2,36.4,high,"3.0 targets/g, 60% catch rate, 6.5 yds/target | full-PPR: every catch worth 1.0 pt (vs 0.5 in Top Teamz)",0.0,8.0,12.8,12.8,88,60.6,-43.3,389,25,True,9.0,143.1,37,1.6,
Keon Coleman,WR,Bills,25.0,15.8,35.5,high,"3.1 targets/g, 58% catch rate, 6.5 yds/target | full-PPR: every catch worth 1.0 pt (vs 0.5 in Top Teamz)",0.0,7.0,12.0,13.0,90,60.6,-43.8,390,25,False,,,37,1.6,
Christian Benford,DB,Bills,51.8,38.9,66.4,medium,"2.3 solo + 0.8 ast tackles/g (4.0 pts/g from tackle volume alone) | 0.17 TFL/g, 0.10 sacks/g, 0.42 PD/g | Starter - outside corner | listed as CB",,7.0,25.9,25.9,67,84.4,-43.8,391,25,False,,,20,2.6,
Patrick Surtain II,DB,Broncos,54.3,40.7,69.5,medium,"2.6 solo + 0.7 ast tackles/g (4.5 pts/g from tackle volume alone) | 0.10 TFL/g, 0.03 sacks/g, 0.70 PD/g | Starter - outside corner | listed as CB",,10.0,33.9,20.4,64,84.4,-44.5,393,25,False,,,20,2.6,
Matt Milano,LB,Free agent (unsigned),64.4,40.6,91.3,high,"3.0 solo + 2.6 ast tackles/g (6.4 pts/g from tackle volume alone) | 0.21 TFL/g, 0.23 sacks/g, 0.16 PD/g | Unsigned as of Aug 2026 -- games_proj discounted for a landing-spot/ramp-up gap even if he signs before the draft. | listed as OLB",,,35.8,28.6,49,99.6,-44.9,395,25,False,,,19,4.6,
Emmanuel Forbes Jr.,DB,Rams,53.2,45.2,62.8,low,"1.9 solo + 0.8 ast tackles/g (3.4 pts/g from tackle volume alone) | 0.10 TFL/g, 0.03 sacks/g, 0.81 PD/g | Starter - outside corner | listed as CB",,11.0,33.3,20.0,66,84.4,-45.3,396,25,False,,,20,2.6,
Kerby Joseph,DB,Lions,50.2,31.6,71.2,high,"2.3 solo + 0.7 ast tackles/g (4.0 pts/g from tackle volume alone) | 0.10 TFL/g, 0.03 sacks/g, 0.61 PD/g | Starter - single-high safety (if healthy) | listed as S",,6.0,25.1,25.1,68,84.4,-45.7,397,25,False,,,20,2.6,
Jack Sanborn,LB,Cowboys,63.2,39.8,89.8,high,"2.7 solo + 3.0 ast tackles/g (6.3 pts/g from tackle volume alone) | 0.30 TFL/g, 0.08 sacks/g, 0.16 PD/g | Rotational/injury recovery | listed as ILB",,14.0,35.1,28.1,51,99.6,-46.4,401,26,False,,,19,4.6,
Xavier Legette,WR,Panthers,23.1,14.6,32.8,high,"3.0 targets/g, 58% catch rate, 6.5 yds/target | full-PPR: every catch worth 1.0 pt (vs 0.5 in Top Teamz)",0.0,5.0,11.6,11.4,93,60.6,-46.6,402,26,False,,,38,5.5,
Jonnu Smith,TE,Free agent,14.0,7.0,22.3,very_high,"3.0 targets/g, 65% catch rate, 5.5 yds/target | full-PPR: every catch worth 1.0 pt (vs 0.5 in Top Teamz)",0.0,,7.8,6.2,35,49.4,-46.8,404,26,False,,,16,4.0,8
Elic Ayomanor,WR,Titans,23.7,14.9,33.6,high,"2.9 targets/g, 58% catch rate, 6.5 yds/target | full-PPR: every catch worth 1.0 pt (vs 0.5 in Top Teamz)",0.0,9.0,14.7,9.0,92,60.6,-47.1,405,26,False,,,38,5.5,
Alim McNeill,DL,Lions,27.0,17.0,38.4,high,"0.5 solo + 0.4 ast tackles/g (1.1 pts/g from tackle volume alone) | 0.45 TFL/g, 0.29 sacks/g, 0.13 PD/g | Starting DT alongside Tyleik Williams; aiming for full 3-down role after incomplete ACL recovery | listed as DT",,6.0,13.5,13.5,44,65.4,-47.4,407,26,False,,,14,10.7,
Kevin Winston Jr.,DB,Titans,50.2,37.6,64.2,medium,"2.1 solo + 1.3 ast tackles/g (4.1 pts/g from tackle volume alone) | 0.35 TFL/g, 0.07 sacks/g, 0.38 PD/g | Starter - safety (2026) | listed as S",,9.0,31.4,18.8,69,84.4,-48.3,409,26,False,,,21,3.1,
Luke Musgrave,TE,Packers,12.7,6.3,20.3,very_high,"2.0 targets/g, 60% catch rate, 5.5 yds/target | full-PPR: every catch worth 1.0 pt (vs 0.5 in Top Teamz)",0.0,11.0,8.0,4.7,36,49.4,-48.8,411,26,False,,,16,4.0,8
Quinyon Mitchell,DB,Eagles,49.5,37.1,63.4,medium,"2.2 solo + 0.6 ast tackles/g (3.8 pts/g from tackle volume alone) | 0.10 TFL/g, 0.03 sacks/g, 0.81 PD/g | Starter - outside corner | listed as CB",,10.0,30.9,18.6,70,84.4,-48.9,412,26,False,,,21,3.1,
Mason Taylor,TE,Giants,11.9,6.0,19.0,very_high,"2.0 targets/g, 60% catch rate, 5.5 yds/target | full-PPR: every catch worth 1.0 pt (vs 0.5 in Top Teamz)",0.0,8.0,5.9,5.9,37,49.4,-49.2,414,26,False,,,16,4.0,8
Frankie Luvu,LB,Commanders,57.4,36.2,81.5,high,"2.5 solo + 2.6 ast tackles/g (5.6 pts/g from tackle volume alone) | 0.21 TFL/g, 0.17 sacks/g, 0.34 PD/g | Made Washington's 53-man roster (not cut, despite earlier speculation), but rookie Sonny Styles and Leo Chenal have reportedly pushed him down the depth chart -- likely a backup/rotational role now rather than his prior every-down role. | listed as OLB",,7.0,28.7,28.7,52,99.6,-51.8,419,27,False,,,20,3.1,
Derek Stingley Jr.,DB,Texans,44.6,33.4,57.1,medium,"1.5 solo + 0.6 ast tackles/g (2.7 pts/g from tackle volume alone) | 0.10 TFL/g, 0.03 sacks/g, 0.72 PD/g | Starter - outside corner | listed as CB",,8.0,22.3,22.3,71,84.4,-52.0,420,27,False,,,22,2.9,
Aaron Rodgers,QB,Steelers,82.3,51.9,116.9,high,"32.0 pass att/g x 6.9 YPA, 4.0% TD rate (1pt/25 pass yds here, double Top Teamz's rate) | pocket passer, minimal rushing equity",,9.0,52.0,30.3,30,123.0,-52.4,422,27,False,,,6,13.7,
Kyle Williams,WR,Patriots,18.9,9.5,30.3,very_high,"2.5 targets/g, 58% catch rate, 6.0 yds/target | full-PPR: every catch worth 1.0 pt (vs 0.5 in Top Teamz)",0.0,11.0,12.0,7.0,95,60.6,-52.8,425,27,False,,,39,3.0,9-10
Isiah Pacheco,RB,Lions,38.5,24.3,54.7,high,"8.5 carries/g x 4.13 YPC | 1.5 targets/g as receiver, full-PPR",8.0,6.0,19.4,19.1,52,87.9,-53.6,427,27,True,9.0,139.96,27,3.4,7-11
Elijah Arroyo,TE,Seahawks,7.7,3.9,12.3,very_high,"1.5 targets/g, 58% catch rate, 5.5 yds/target | full-PPR: every catch worth 1.0 pt (vs 0.5 in Top Teamz)",0.0,11.0,4.7,2.9,41,49.4,-54.8,429,27,False,,,17,0.0,
Denzel Ward,DB,Browns,43.9,32.9,56.2,medium,"1.9 solo + 0.7 ast tackles/g (3.4 pts/g from tackle volume alone) | 0.13 TFL/g, 0.03 sacks/g, 0.58 PD/g | Starter - outside corner | listed as CB",,11.0,27.4,16.5,72,84.4,-54.9,430,27,False,,,23,3.7,
DeMarvion Overshown,LB,Cowboys,56.1,35.4,79.7,high,"2.5 solo + 2.2 ast tackles/g (5.4 pts/g from tackle volume alone) | 0.30 TFL/g, 0.08 sacks/g, 0.16 PD/g | Real 2025 season-ending injury on record, but the same research confirms he's cleared/fully healthy for 2026 -- games_proj uses the real 'high risk' games count instead of the harsher unrecovered discount, since there's no specific 2026 games-missed signal left, just residual uncertainty until proven in game action. [28 combined 2025 tackles found in research notes; solo/assist split estimated at this position's observed 53/47 average since the source didn't report the two separately -- not a fabricated total, just an estimated split.] | listed as ILB",,14.0,31.2,25.0,54,99.6,-54.9,431,27,False,,,21,3.3,
Gunnar Helm,TE,Titans,7.0,3.5,11.2,very_high,"1.5 targets/g, 58% catch rate, 5.5 yds/target | full-PPR: every catch worth 1.0 pt (vs 0.5 in Top Teamz)",0.0,9.0,4.4,2.7,42,49.4,-55.4,432,27,False,,,17,0.0,
Dre Greenlaw,LB,Broncos,56.8,35.8,80.6,high,"1.9 solo + 3.5 ast tackles/g (5.4 pts/g from tackle volume alone) | 0.21 TFL/g, 0.14 sacks/g, 0.28 PD/g | Starter when healthy, but significant injury risk | listed as OLB",,10.0,35.5,21.3,53,99.6,-56.2,434,28,False,,,21,3.3,
Denzel Perryman,LB,Chargers,53.8,33.9,76.4,high,"3.0 solo + 1.7 ast tackles/g (5.8 pts/g from tackle volume alone) | 0.21 TFL/g, 0.08 sacks/g, 0.31 PD/g | Expected starter alongside Daiyan Henley in 3-4 defense | listed as MLB",,7.0,26.9,26.9,55,99.6,-56.4,436,28,False,,,21,3.3,
Tua Tagovailoa,QB,Falcons,78.5,49.5,111.4,high,"31.6 pass att/g x 7.2 YPA, 3.6% TD rate (1pt/25 pass yds here, double Top Teamz's rate) | 1.5 rush att/g at 3.0 YPC",,11.0,48.9,29.6,31,123.0,-56.6,437,28,False,,,6,13.7,
Najee Harris,RB,Giants,35.9,22.6,51.0,high,"5.6 carries/g x 3.94 YPC | 1.5 targets/g as receiver, full-PPR",6.0,8.0,18.3,17.6,54,87.9,-57.0,438,28,False,,,28,4.1,10
Diontae Johnson,WR,Free agent,14.2,7.1,22.7,very_high,"3.0 targets/g, 62% catch rate, 6.0 yds/target | full-PPR: every catch worth 1.0 pt (vs 0.5 in Top Teamz)",0.0,,7.9,6.3,101,60.6,-58.0,441,28,False,,,40,2.7,
Josh Reynolds,WR,Uncertain,13.4,6.8,21.5,very_high,"2.0 targets/g, 58% catch rate, 6.0 yds/target | full-PPR: every catch worth 1.0 pt (vs 0.5 in Top Teamz)",0.0,,7.5,6.0,102,60.6,-58.6,443,28,False,,,40,2.7,
Chidobe Awuzie,DB,Ravens,39.7,29.8,50.7,medium,"1.8 solo + 0.0 ast tackles/g (2.7 pts/g from tackle volume alone) | 0.10 TFL/g, 0.03 sacks/g, 0.49 PD/g | Starter/rotational corner | listed as CB",,13.0,22.0,17.6,73,84.4,-58.6,444,28,False,,,24,1.2,
Marshon Lattimore,DB,Commanders,38.3,19.2,61.3,very_high,"1.8 solo + 1.2 ast tackles/g (3.6 pts/g from tackle volume alone) | 0.18 TFL/g, 0.03 sacks/g, 0.67 PD/g | Unsigned as of Aug 2026 -- games_proj discounted for a landing-spot/ramp-up gap even if he signs before the draft. | listed as CB",,7.0,19.2,19.2,75,84.4,-58.7,445,28,False,,,24,1.2,
Kenneth Murray Jr.,LB,Free agent (unsigned),52.3,33.0,74.3,high,"2.2 solo + 2.5 ast tackles/g (5.2 pts/g from tackle volume alone) | 0.21 TFL/g, 0.11 sacks/g, 0.22 PD/g | Unsigned as of Aug 2026 -- games_proj discounted for a landing-spot/ramp-up gap even if he signs before the draft. | listed as ILB",,,29.1,23.2,56,99.6,-59.7,447,28,False,,,22,2.6,
Jaylon Johnson,DB,Bears,39.2,24.8,55.8,high,"2.1 solo + 0.3 ast tackles/g (3.4 pts/g from tackle volume alone) | 0.24 TFL/g, 0.03 sacks/g, 0.42 PD/g | Starter - outside corner (if healthy) | listed as CB",,10.0,24.5,14.7,74,84.4,-59.9,450,29,False,,,25,2.9,
Demario Douglas,WR,Patriots,11.8,5.9,18.9,very_high,"2.0 targets/g, 60% catch rate, 5.5 yds/target | full-PPR: every catch worth 1.0 pt (vs 0.5 in Top Teamz)",0.0,11.0,7.5,4.4,104,60.6,-60.5,451,29,False,,,40,2.7,
Demond Claiborne,RB,Vikings,32.1,20.2,45.6,high,"4.5 carries/g x 4.30 YPC | 1.0 targets/g as receiver, full-PPR",4.5,6.0,15.8,16.4,57,87.9,-61.3,452,29,False,,,28,4.1,10
Cody Barton,LB,Titans,51.6,32.5,73.2,high,"2.2 solo + 2.6 ast tackles/g (5.2 pts/g from tackle volume alone) | 0.21 TFL/g, 0.11 sacks/g, 0.16 PD/g | Uncertain -- competition emerging from Cedric Gray | listed as ILB",,9.0,32.2,19.4,57,99.6,-62.3,453,29,False,,,23,4.0,
Christian Wilkins,DL,Free agent (unsigned),15.4,9.7,21.9,high,"0.0 solo + 0.0 ast tackles/g (0.0 pts/g from tackle volume alone) | 0.35 TFL/g, 0.24 sacks/g, 0.08 PD/g | Unsigned as of Aug 2026 -- games_proj discounted for a landing-spot/ramp-up gap even if he signs before the draft. | listed as DT",,,8.6,6.8,46,65.4,-62.4,454,29,False,,,16,3.8,
Trevon Diggs,DB,Seahawks,36.2,22.8,51.4,high,"2.2 solo + 0.8 ast tackles/g (3.9 pts/g from tackle volume alone) | 0.10 TFL/g, 0.03 sacks/g, 0.28 PD/g | Rotational/depth corner | listed as CB",,11.0,22.6,13.6,76,84.4,-62.8,455,29,False,,,26,4.3,
Curtis Samuel,WR,Free agent,9.1,4.6,14.6,very_high,"2.5 targets/g, 60% catch rate, 5.5 yds/target | full-PPR: every catch worth 1.0 pt (vs 0.5 in Top Teamz)",0.0,,5.1,4.0,105,60.6,-63.2,456,29,False,,,41,2.2,
Greg Rousseau,LB,Bills,48.2,36.1,61.6,medium,"1.5 solo + 1.4 ast tackles/g (3.3 pts/g from tackle volume alone) | 0.21 TFL/g, 0.30 sacks/g, 0.22 PD/g | Full-time starting edge rusher, real new stand-up OLB role for 2026 | listed as OLB",,7.0,24.1,24.1,58,99.6,-63.4,457,29,False,,,23,4.0,
Ivan Pace Jr.,LB,Vikings,47.7,35.8,61.0,medium,"2.0 solo + 1.6 ast tackles/g (4.2 pts/g from tackle volume alone) | 0.21 TFL/g, 0.11 sacks/g, 0.16 PD/g | MLB2/rotational -- Eric Wilson listed ahead at MLB1 on 2026 depth chart | listed as MLB",,6.0,23.8,23.8,59,99.6,-64.1,458,29,False,,,23,4.0,
Devin Singletary,RB,Giants,29.2,18.4,41.4,high,"4.7 carries/g x 3.84 YPC | 2.0 targets/g as receiver, full-PPR",5.0,8.0,14.9,14.3,60,87.9,-65.4,459,29,False,,,29,3.9,9-11
Skyy Moore,WR,Packers,7.3,3.7,11.7,very_high,"1.5 targets/g, 58% catch rate, 5.5 yds/target | full-PPR: every catch worth 1.0 pt (vs 0.5 in Top Teamz)",0.0,11.0,4.6,2.7,106,60.6,-65.4,460,29,False,,,42,6.9,
Austin Ekeler,RB,Free agent,29.2,14.6,46.8,very_high,"4.0 carries/g x 3.80 YPC | 3.0 targets/g as receiver, full-PPR",4.0,,16.2,13.0,59,87.9,-66.0,462,29,False,,,29,3.9,9-11
Julian Love,DB,Seahawks,32.2,27.4,38.0,low,"1.4 solo + 0.0 ast tackles/g (2.0 pts/g from tackle volume alone) | 0.10 TFL/g, 0.03 sacks/g, 0.45 PD/g | Starter - safety | listed as S",,11.0,20.1,12.1,77,84.4,-67.1,465,30,False,,,27,3.5,
Baron Browning,LB,Cardinals,45.4,34.0,58.1,medium,"1.2 solo + 1.1 ast tackles/g (2.6 pts/g from tackle volume alone) | 0.35 TFL/g, 0.15 sacks/g, 0.19 PD/g | Rotational/situational pass rusher [34 combined 2025 tackles found in research notes; solo/assist split estimated at this position's observed 53/47 average since the source didn't report the two separately -- not a fabricated total, just an estimated split.] | listed as OLB",,14.0,25.2,20.2,60,99.6,-68.1,466,30,False,,,24,15.0,
Deshaun Watson,QB,Browns,67.0,33.5,107.3,very_high,"31.6 pass att/g x 6.5 YPA, 2.9% TD rate (1pt/25 pass yds here, double Top Teamz's rate) | 4.0 rush att/g at 4.0 YPC",,11.0,42.1,25.0,32,123.0,-70.3,467,30,False,,,7,17.6,
Kaiir Elam,DB,LAC (practice squad),28.2,14.1,45.1,very_high,"1.6 solo + 0.8 ast tackles/g (2.9 pts/g from tackle volume alone) | 0.13 TFL/g, 0.03 sacks/g, 0.35 PD/g | Left Tennessee via free agency (March 2026), signed with the Chiefs, then released by Kansas City at Aug 30 2026 cutdowns; now on the Chargers practice squad, not any active 53-man roster. | listed as CB",,,15.7,12.5,78,84.4,-70.6,469,30,False,,,28,1.8,
Jalin Hyatt,WR,Giants (practice squad),1.1,0.6,1.8,very_high,"1.5 targets/g, 58% catch rate, 6.0 yds/target | full-PPR: every catch worth 1.0 pt (vs 0.5 in Top Teamz)",0.0,,0.6,0.5,107,60.6,-72.3,472,30,False,,,43,0.0,
Jaylen Reed,DB,Patriots,27.0,17.0,38.4,high,"1.3 solo + 0.7 ast tackles/g (2.5 pts/g from tackle volume alone) | 0.10 TFL/g, 0.03 sacks/g, 0.28 PD/g | Rotational/depth safety | listed as S",,11.0,16.9,10.1,79,84.4,-72.4,473,30,False,,,29,16.8,
Ricky Pearsall,WR,49ers,0.0,0.0,0.0,very_high,"3.0 targets/g, 60% catch rate, 6.5 yds/target | full-PPR: every catch worth 1.0 pt (vs 0.5 in Top Teamz)",0.0,8.0,0.0,0.0,108,60.6,-73.3,474,30,False,,,43,0.0,
Jaydon Blue,RB,Cowboys,23.2,11.6,37.1,very_high,"4.2 carries/g x 4.03 YPC | 1.6 targets/g as receiver, full-PPR",4.0,14.0,12.9,10.3,65,87.9,-73.4,475,30,False,,,30,2.3,
Zamir White,RB,Raiders,22.7,14.3,32.3,high,"4.5 carries/g x 3.94 YPC | 1.0 targets/g as receiver, full-PPR",5.0,13.0,12.6,10.1,67,87.9,-74.0,476,30,False,,,30,2.3,
Jerome Ford,RB,Browns,22.8,14.4,32.3,high,"4.3 carries/g x 3.65 YPC | 2.0 targets/g as receiver, full-PPR",5.0,11.0,14.3,8.5,66,87.9,-74.6,477,30,False,,,30,2.3,
Jaylen Wright,RB,Dolphins,20.0,12.6,28.4,high,"4.4 carries/g x 3.94 YPC | 1.0 targets/g as receiver, full-PPR",5.0,6.0,9.7,10.3,69,87.9,-76.6,479,30,False,,,30,2.3,
Isaac Guerendo,RB,49ers,18.4,9.2,29.5,very_high,"4.3 carries/g x 4.30 YPC | 1.0 targets/g as receiver, full-PPR",4.0,8.0,9.4,9.0,70,87.9,-78.8,480,30,False,,,30,2.3,
Gus Edwards,RB,Uncertain,16.4,8.2,26.3,very_high,"4.0 carries/g x 4.10 YPC | 0.5 targets/g as receiver, full-PPR",4.0,,9.1,7.3,72,87.9,-81.6,482,31,False,,,30,2.3,
Cole Holcomb,LB,Steelers,34.2,21.5,48.5,high,"1.7 solo + 0.9 ast tackles/g (3.3 pts/g from tackle volume alone) | 0.21 TFL/g, 0.08 sacks/g, 0.16 PD/g | Depth/rotational, 3 starts only | listed as ILB",,9.0,21.3,12.8,61,99.6,-83.1,485,31,False,,,25,3.1,
Trey Benson,RB,Cardinals,14.5,7.2,23.1,very_high,"3.6 carries/g x 4.00 YPC | 0.9 targets/g as receiver, full-PPR",4.0,14.0,8.2,6.3,75,87.9,-83.2,486,31,False,,,30,2.3,
Jihad Ward,LB,Titans,33.8,25.4,43.4,medium,"0.9 solo + 0.9 ast tackles/g (2.0 pts/g from tackle volume alone) | 0.21 TFL/g, 0.23 sacks/g, 0.16 PD/g | Rotational pass rusher -- borderline off-ball LB classification | listed as OLB",,9.0,21.2,12.7,62,99.6,-83.4,487,31,False,,,25,3.1,
Ty Chandler,RB,Vikings,12.6,6.3,20.2,very_high,"3.0 carries/g x 4.00 YPC | 1.0 targets/g as receiver, full-PPR",3.0,6.0,6.2,6.4,77,87.9,-84.5,490,31,False,,,30,2.3,
Jerome Baker,LB,Browns,32.7,20.6,46.4,high,"1.2 solo + 1.2 ast tackles/g (2.6 pts/g from tackle volume alone) | 0.21 TFL/g, 0.12 sacks/g, 0.16 PD/g | Backup/rotational, primarily special teams | listed as OLB",,11.0,20.4,12.3,63,99.6,-84.8,491,31,False,,,25,3.1,
Miles Sanders,RB,Cowboys,12.4,6.2,19.8,very_high,"3.1 carries/g x 3.93 YPC | 1.1 targets/g as receiver, full-PPR",3.0,14.0,6.9,5.5,78,87.9,-84.8,492,31,False,,,30,2.3,
Roschon Johnson,RB,Bears,12.2,6.1,19.6,very_high,"3.1 carries/g x 3.90 YPC | 1.1 targets/g as receiver, full-PPR",3.0,10.0,7.6,4.6,79,87.9,-85.0,493,31,False,,,30,2.3,
Ollie Gordon II,RB,Dolphins,9.8,4.9,15.7,very_high,"2.6 carries/g x 3.84 YPC | 1.0 targets/g as receiver, full-PPR",3.0,6.0,4.8,5.0,83,87.9,-86.1,496,31,False,,,30,2.3,
Oren Burks,LB,Bengals,28.6,18.0,40.6,high,"1.6 solo + 0.0 ast tackles/g (2.5 pts/g from tackle volume alone) | 0.21 TFL/g, 0.08 sacks/g, 0.16 PD/g | Rotational/backup | listed as ILB",,6.0,14.3,14.3,64,99.6,-87.9,498,32,False,,,26,4.4,
J.J. McCarthy,QB,Vikings,49.6,24.8,79.4,very_high,"28.0 pass att/g x 6.7 YPA, 3.3% TD rate (1pt/25 pass yds here, double Top Teamz's rate) | 4.0 rush att/g at 4.5 YPC",,6.0,24.8,24.8,33,123.0,-87.9,499,32,False,,,8,20.4,
A.J. Haulcy,DB,Colts,11.2,8.4,14.4,medium,"0.0 solo + 0.0 ast tackles/g (0.0 pts/g from tackle volume alone) | 0.10 TFL/g, 0.03 sacks/g, 0.28 PD/g | Rookie starter - strong safety | listed as S",,13.0,6.2,5.0,81,84.4,-89.2,500,32,False,,,30,1.5,
Devin Neal,RB,Saints,6.4,3.2,10.3,very_high,"2.0 carries/g x 3.90 YPC | 1.0 targets/g as receiver, full-PPR",2.0,8.0,3.2,3.2,85,87.9,-89.5,501,32,False,,,31,0.0,
Zonovan Knight,RB,Cardinals,6.2,3.1,9.9,very_high,"1.8 carries/g x 4.00 YPC | 0.5 targets/g as receiver, full-PPR",2.0,14.0,3.5,2.7,86,87.9,-89.6,503,32,False,,,31,0.0,
Hunter Wohler,DB,Colts,9.8,6.2,14.0,high,"0.0 solo + 0.0 ast tackles/g (0.0 pts/g from tackle volume alone) | 0.10 TFL/g, 0.03 sacks/g, 0.28 PD/g | Competing for starting SS job vs. rookie A.J. Haulcy | listed as S",,13.0,5.5,4.4,82,84.4,-90.3,504,32,False,,,30,1.5,
Julian Blackmon,DB,Saints,8.2,5.2,11.6,high,"0.0 solo + 0.0 ast tackles/g (0.0 pts/g from tackle volume alone) | 0.10 TFL/g, 0.03 sacks/g, 0.28 PD/g | Unsigned as of Aug 2026 -- games_proj discounted for a landing-spot/ramp-up gap even if he signs before the draft. | listed as S",,8.0,4.1,4.1,83,84.4,-91.8,505,32,False,,,31,0.0,
Danny Stutsman,LB,Saints,24.9,18.6,31.8,medium,"1.0 solo + 0.0 ast tackles/g (1.5 pts/g from tackle volume alone) | 0.21 TFL/g, 0.08 sacks/g, 0.16 PD/g | Ascending role player, core special teamer | listed as ILB",,8.0,12.4,12.4,65,99.6,-92.3,506,32,False,,,27,1.9,
Willie Gay Jr.,LB,Dolphins,23.0,14.5,32.6,high,"0.6 solo + 0.6 ast tackles/g (1.3 pts/g from tackle volume alone) | 0.21 TFL/g, 0.14 sacks/g, 0.22 PD/g | Rotational, re-signed 1yr deal for 2026 | listed as OLB",,6.0,11.5,11.5,66,99.6,-94.2,507,32,False,,,28,4.3,
Chris Board,LB,Giants,21.8,13.8,31.0,high,"1.0 solo + 0.0 ast tackles/g (1.5 pts/g from tackle volume alone) | 0.21 TFL/g, 0.08 sacks/g, 0.16 PD/g | Depth/special teams only | listed as ILB",,8.0,10.9,10.9,67,99.6,-95.3,508,32,False,,,28,4.3,
Deion Jones,LB,Saints,18.0,11.4,25.6,high,"0.6 solo + 0.0 ast tackles/g (1.0 pts/g from tackle volume alone) | 0.21 TFL/g, 0.08 sacks/g, 0.16 PD/g | Depth/rotational, journeyman role | listed as MLB",,8.0,9.0,9.0,68,99.6,-99.6,509,32,False,,,29,0.0,
Malcolm Rodriguez,LB,Lions,12.3,7.8,17.4,high,"0.0 solo + 0.0 ast tackles/g (0.0 pts/g from tackle volume alone) | 0.21 TFL/g, 0.08 sacks/g, 0.16 PD/g | Projected 2026 starter at WLB, but coming off ACL recovery | listed as WLB",,6.0,6.2,6.2,81,99.6,-101.3,510,32,False,,,29,0.0,
Smael Mondon Jr.,LB,Eagles,11.3,7.1,16.0,high,"0.0 solo + 0.0 ast tackles/g (0.0 pts/g from tackle volume alone) | 0.21 TFL/g, 0.08 sacks/g, 0.16 PD/g | Depth/rotational | listed as ILB",,10.0,7.1,4.2,85,99.6,-101.4,511,32,False,,,29,0.0,
Josh Ross,LB,MIN (practice squad),12.7,8.0,18.1,high,"0.0 solo + 0.0 ast tackles/g (0.0 pts/g from tackle volume alone) | 0.21 TFL/g, 0.08 sacks/g, 0.16 PD/g | Deep depth/practice squad | listed as ILB",,,7.1,5.6,80,99.6,-101.6,512,32,False,,,29,0.0,
Chazz Surratt,LB,Seahawks,11.3,7.1,16.0,high,"0.0 solo + 0.0 ast tackles/g (0.0 pts/g from tackle volume alone) | 0.21 TFL/g, 0.08 sacks/g, 0.16 PD/g | Special teams/depth, re-signed for 2026 | listed as ILB",,11.0,7.1,4.2,84,99.6,-101.8,513,33,False,,,29,0.0,
Junior Colson,LB,FA,11.8,5.9,18.9,very_high,"0.0 solo + 0.0 ast tackles/g (0.0 pts/g from tackle volume alone) | 0.21 TFL/g, 0.08 sacks/g, 0.16 PD/g | Unsigned as of Aug 2026 -- games_proj discounted for a landing-spot/ramp-up gap even if he signs before the draft. | listed as ILB",,,6.6,5.2,82,99.6,-101.8,514,33,False,,,29,0.0,
Kamu Grugier-Hill,LB,Vikings,11.3,7.1,16.0,high,"0.0 solo + 0.0 ast tackles/g (0.0 pts/g from tackle volume alone) | 0.21 TFL/g, 0.08 sacks/g, 0.16 PD/g | Depth linebacker/special teams | listed as OLB",,6.0,5.6,5.6,83,99.6,-101.9,515,33,False,,,29,0.0,
Troy Andersen,LB,FA,12.7,8.0,18.1,high,"0.0 solo + 0.0 ast tackles/g (0.0 pts/g from tackle volume alone) | 0.21 TFL/g, 0.08 sacks/g, 0.16 PD/g | Released by Atlanta in Aug 2026 after opening camp on PUP again and being deemed not healthy enough to practice -- recurring injury history now cost him the roster spot. | listed as ILB",,,7.1,5.6,79,99.6,-102.0,516,33,False,,,29,0.0,
Anfernee Orji,LB,Uncertain,10.0,5.0,15.9,very_high,"0.0 solo + 0.0 ast tackles/g (0.0 pts/g from tackle volume alone) | 0.21 TFL/g, 0.08 sacks/g, 0.16 PD/g | Tennessee cut ties with him in 2026; some reporting suggests a possible Giants signing (July 2026) but that destination is not independently confirmed. | listed as ILB",,,5.5,4.4,86,99.6,-102.3,517,33,False,,,29,0.0,
Curtis Jacobs,LB,"Out of NFL (DC Defenders, UFL)",12.7,8.0,18.1,high,"0.0 solo + 0.0 ast tackles/g (0.0 pts/g from tackle volume alone) | 0.21 TFL/g, 0.08 sacks/g, 0.16 PD/g | N/A -- off NFL rosters entirely for 2026 | listed as LB",,,7.1,5.6,78,99.6,-102.4,518,33,False,,,29,0.0,
Tanner Muse,LB,Depth/unclear roster status,12.7,8.0,18.1,high,"0.0 solo + 0.0 ast tackles/g (0.0 pts/g from tackle volume alone) | 0.21 TFL/g, 0.08 sacks/g, 0.16 PD/g | Deep depth/special teams, not a defensive factor | listed as LB",,,7.1,5.6,77,99.6,-102.8,519,33,False,,,29,0.0,
Nicholas Morrow,LB,PHI (unclear active status),12.7,8.0,18.1,high,"0.0 solo + 0.0 ast tackles/g (0.0 pts/g from tackle volume alone) | 0.21 TFL/g, 0.08 sacks/g, 0.16 PD/g | Deep depth/special teams only, unclear if rostered | listed as OLB",,,7.1,5.6,76,99.6,-103.2,520,33,False,,,29,0.0,
De'Vondre Campbell,LB,Unsigned/out of NFL,12.7,8.0,18.1,high,"0.0 solo + 0.0 ast tackles/g (0.0 pts/g from tackle volume alone) | 0.21 TFL/g, 0.08 sacks/g, 0.16 PD/g | N/A -- not on any 2025 or 2026 roster found | listed as OLB",,,7.1,5.6,75,99.6,-103.7,521,33,False,,,29,0.0,
CJ Allen,LB,Colts,14.5,10.9,18.6,medium,"0.0 solo + 0.0 ast tackles/g (0.0 pts/g from tackle volume alone) | 0.21 TFL/g, 0.08 sacks/g, 0.16 PD/g | Rookie starter/committee -- 2026 2nd-round Colts pick (53rd overall) | listed as LB",,13.0,8.1,6.4,69,99.6,-103.9,522,33,False,,,29,0.0,
Josey Jewell,LB,Free agent (unsigned),12.7,8.0,18.1,high,"0.0 solo + 0.0 ast tackles/g (0.0 pts/g from tackle volume alone) | 0.21 TFL/g, 0.08 sacks/g, 0.16 PD/g | N/A -- did not play 2025, health clearance uncertain | listed as ILB",,,7.1,5.6,74,99.6,-104.1,524,33,False,,,29,0.0,
Arvell Reese,LB,Giants,12.9,9.7,16.5,medium,"0.0 solo + 0.0 ast tackles/g (0.0 pts/g from tackle volume alone) | 0.21 TFL/g, 0.08 sacks/g, 0.16 PD/g | Day 1 starter expected (rookie) | listed as LB",,8.0,6.4,6.4,72,99.6,-104.4,525,33,False,,,29,0.0,
Jeremiah Trotter Jr.,LB,Eagles,13.9,10.4,17.8,medium,"0.0 solo + 0.0 ast tackles/g (0.0 pts/g from tackle volume alone) | 0.21 TFL/g, 0.10 sacks/g, 0.19 PD/g | Rotational, competing for snaps | listed as ILB",,10.0,8.7,5.2,70,99.6,-104.6,526,33,False,,,29,0.0,
Sonny Styles,LB,Commanders,12.9,9.7,16.5,medium,"0.0 solo + 0.0 ast tackles/g (0.0 pts/g from tackle volume alone) | 0.21 TFL/g, 0.08 sacks/g, 0.16 PD/g | Day 1 starter expected (rookie) | listed as LB",,7.0,6.4,6.4,71,99.6,-104.8,527,33,False,,,29,0.0,
Anthony Richardson Sr.,QB,Colts,19.1,9.5,30.5,very_high,"18.2 pass att/g x 6.5 YPA, 3.2% TD rate (1pt/25 pass yds here, double Top Teamz's rate) | 7.0 rush att/g at 5.0 YPC",,13.0,10.6,8.5,35,123.0,-126.6,529,34,False,,,10,15.1,
Justin Fields,QB,Chiefs,12.8,6.4,20.6,very_high,"18.5 pass att/g x 6.2 YPA, 3.4% TD rate (1pt/25 pass yds here, double Top Teamz's rate) | 8.0 rush att/g at 5.5 YPC",,5.0,6.2,6.7,36,123.0,-133.6,530,34,False,,,10,15.1,
Fernando Mendoza,QB,Raiders,12.4,6.2,19.9,very_high,"18.5 pass att/g x 6.5 YPA, 2.6% TD rate (1pt/25 pass yds here, double Top Teamz's rate) | 3.0 rush att/g at 4.5 YPC",,13.0,7.0,5.4,37,123.0,-134.8,531,34,False,,,10,15.1,
Russell Wilson,QB,Not on NFL roster (retired to broadcasting),0.0,0.0,0.0,very_high,"22.0 pass att/g x 6.7 YPA, 3.3% TD rate (1pt/25 pass yds here, double Top Teamz's rate) | 1.5 rush att/g at 3.0 YPC",,,0.0,0.0,38,123.0,-149.9,532,34,False,,,11,0.0,
Jalen Carter,DL,Eagles,68.0,40.0,95.0,high,"Full-time interior starter under Vic Fangio, 3-tech pass-rush emphasis | Dropped by Calculated chaos Sep 19 2026 -- flagged with an injury/questionable tag on Fantrax at drop time, real reason for the cut | listed as DT",,10.0,34.0,34.0,45,50.0,-16.0,180,12,False,,,10,2.5,
Jeremy Chinn,DB,Raiders,95.7,71.8,122.5,medium,"4.2 solo + 3.4 ast tackles/g (8.9 pts/g from tackle volume alone) | 0.10 TFL/g, 0.06 sacks/g, 0.34 PD/g | Starter - box/hybrid safety | listed as S",,13.0,53.2,42.5,4,84.4,8.0,124,8,False,,,4,3.3,
Marlon Humphrey,DB,Ravens,89.6,76.1,105.7,low,"3.5 solo + 1.0 ast tackles/g (6.0 pts/g from tackle volume alone) | 0.20 TFL/g, 0.06 sacks/g, 0.71 PD/g | Starter - outside corner | listed as CB",,13.0,49.8,39.8,10,84.4,0.5,165,11,False,,,6,4.0,
Alvin Kamara,RB,Saints,41.5,20.8,66.4,very_high,"5.9 carries/g x 4.00 YPC | 3.5 targets/g as receiver, full-PPR",6.0,8.0,21.0,20.6,50,87.9,-49.8,416,26,True,9.0,132.3,27,3.4,7-11
